Workbook
Name MesInforme: 'S-1'!$E$3
Name Publicadores: TblPublicadores[Nombre]
Name Publicadores: TblPublicadores[Nombre]
Name SegmentaciónDeDatos_Grupo: #N/A
Name SegmentaciónDeDatos_Mes: #N/A

Sheet S-1
A1: Informes de la congregación
B2: PREDICACIÓN Y ASISTENCIA A LAS REUNIONES (S-1)
B3: =PROPER(TEXT(MesInforme, "mmmm"))&" de "&YEAR(MesInforme) -> Enero de 1900 | E3: =EDATE(MAX(TblInformes[Mes]), -$F$3) -> 0 | F3: 0
B4: Introduzca el informe y haga clic en Enviar.
C6: Publicadores activos
C7: Cuente todas las personas de la congregación que informaron alguna participación en el ministerio un mes o más durante los pasados seis meses.
C8: =COUNTIF(TblPublicadores[Estatus],"=Activo")+COUNTIF(TblPublicadores[Estatus],"=Activo/Irregular") -> 0
C9: Promedio de asistencia a las reuniones del fin de semana
C10: =IFERROR(VLOOKUP(MesInforme,'S-88'!$A$22:$J$33,10,FALSE),VLOOKUP(MesInforme,'S-88'!$K$22:$T$33,10,FALSE)) -> #N/A
C14: Publicadores
C15: Cantidad de informes
C16: =COUNTIFS(TblInformes[Mes enviado],MesInforme,TblInformes[Predicó en el mes],TRUE,TblInformes[Tipo Publicador],"Publicador") -> 0
C17: Publicaciones (impresas y electrónicas)
C18: =SUMIFS(#REF!,TblInformes[Mes enviado],MesInforme,TblInformes[Predicó en el mes],TRUE,TblInformes[Tipo Publicador],"Publicador") -> #REF!
C19: Presentaciones de videos
C20: =SUMIFS(#REF!,TblInformes[Mes enviado],MesInforme,TblInformes[Predicó en el mes],TRUE,TblInformes[Tipo Publicador],"Publicador") -> #REF!
C21: Horas
C22: =SUMIFS(TblInformes[Horas],TblInformes[Mes enviado],MesInforme,TblInformes[Predicó en el mes],TRUE,TblInformes[Tipo Publicador],"Publicador") -> 0
C23: Revisitas
C24: =SUMIFS(#REF!,TblInformes[Mes enviado],MesInforme,TblInformes[Predicó en el mes],TRUE,TblInformes[Tipo Publicador],"Publicador") -> #REF!
C25: Cursos bíblicos
C26: =SUMIFS(TblInformes[Cursos bíblicos],TblInformes[Mes enviado],MesInforme,TblInformes[Predicó en el mes],TRUE,TblInformes[Tipo Publicador],"Publicador") -> 0
C30: Precursores auxiliares
C31: Cantidad de informes
C32: =COUNTIFS(TblInformes[Mes enviado],MesInforme,TblInformes[Horas],">0",TblInformes[Tipo Publicador],"Precursor auxiliar") -> 0
C33: Publicaciones (impresas y electrónicas)
C34: =SUMIFS(#REF!,TblInformes[Mes enviado],MesInforme,TblInformes[Horas],">0",TblInformes[Tipo Publicador],"Precursor auxiliar") -> #REF!
C35: Presentaciones de videos
C36: =SUMIFS(#REF!,TblInformes[Mes enviado],MesInforme,TblInformes[Horas],">0",TblInformes[Tipo Publicador],"Precursor auxiliar") -> #REF!
C37: Horas
C38: =SUMIFS(TblInformes[Horas],TblInformes[Mes enviado],MesInforme,TblInformes[Horas],">0",TblInformes[Tipo Publicador],"Precursor auxiliar") -> 0
C39: Revisitas
C40: =SUMIFS(#REF!,TblInformes[Mes enviado],MesInforme,TblInformes[Horas],">0",TblInformes[Tipo Publicador],"Precursor auxiliar") -> #REF!
C41: Cursos bíblicos
C42: =SUMIFS(TblInformes[Cursos bíblicos],TblInformes[Mes enviado],MesInforme,TblInformes[Horas],">0",TblInformes[Tipo Publicador],"Precursor auxiliar") -> 0
C46: Precursores regulares
C47: Cantidad de informes
C48: =COUNTIFS(TblInformes[Mes enviado],MesInforme,TblInformes[Horas],">0",TblInformes[Tipo Publicador],"Precursor regular") -> 0
C49: Publicaciones (impresas y electrónicas)
C50: =SUMIFS(#REF!,TblInformes[Mes enviado],MesInforme,TblInformes[Horas],">0",TblInformes[Tipo Publicador],"Precursor regular") -> #REF!
C51: Presentaciones de videos
C52: =SUMIFS(#REF!,TblInformes[Mes enviado],MesInforme,TblInformes[Horas],">0",TblInformes[Tipo Publicador],"Precursor regular") -> #REF!
C53: Horas
C54: =SUMIFS(TblInformes[Horas],TblInformes[Mes enviado],MesInforme,TblInformes[Horas],">0",TblInformes[Tipo Publicador],"Precursor regular") -> 0
C55: Revisitas
C56: =SUMIFS(#REF!,TblInformes[Mes enviado],MesInforme,TblInformes[Horas],">0",TblInformes[Tipo Publicador],"Precursor regular") -> #REF!
C57: Cursos bíblicos
C58: =SUMIFS(TblInformes[Cursos bíblicos],TblInformes[Mes enviado],MesInforme,TblInformes[Horas],">0",TblInformes[Tipo Publicador],"Precursor regular") -> 0

Sheet S-88
B1: REGISTRO DE ASISTENCIA A LAS REUNIONES DE CONGREGACIÓN
B2: Reunión de entre semana
B3: Año de servicio | C3: Primera Semana | D3: Segunda Semana | E3: Tercera Semana | F3: Cuarta Semana | G3: Quinta Semana | H3: Número de reuniones | I3: Asistencia total | J3: Promedio de asistencia semanal | L3: Año de servicio | M3: Primera Semana | N3: Segunda Semana | O3: Tercera Semana | P3: Cuarta Semana | Q3: Quinta Semana | R3: Número de reuniones | S3: Asistencia total | T3: Promedio de asistencia semanal
B4: =YEAR(MesInforme)-IF(MONTH(MesInforme)<9,1,0) -> 1899 | L4: =B4+1 -> 1900
A5: =DATE(B4-1,9,1) -> 693476 | B5: Septiembre | C5: =IFERROR(IF(ISBLANK(VLOOKUP($A5,'S-3'!$A:$K,COLUMN('S-3'!B$5),FALSE)),"",VLOOKUP($A5,'S-3'!$A:$K,COLUMN('S-3'!B$5),FALSE)),"") | D5: =IFERROR(IF(ISBLANK(VLOOKUP($A5,'S-3'!$A:$K,COLUMN('S-3'!C$5),FALSE)),"",VLOOKUP($A5,'S-3'!$A:$K,COLUMN('S-3'!C$5),FALSE)),"") | E5: =IFERROR(IF(ISBLANK(VLOOKUP($A5,'S-3'!$A:$K,COLUMN('S-3'!D$5),FALSE)),"",VLOOKUP($A5,'S-3'!$A:$K,COLUMN('S-3'!D$5),FALSE)),"") | F5: =IFERROR(IF(ISBLANK(VLOOKUP($A5,'S-3'!$A:$K,COLUMN('S-3'!E$5),FALSE)),"",VLOOKUP($A5,'S-3'!$A:$K,COLUMN('S-3'!E$5),FALSE)),"") | G5: =IFERROR(IF(ISBLANK(VLOOKUP($A5,'S-3'!$A:$K,COLUMN('S-3'!F$5),FALSE)),"",VLOOKUP($A5,'S-3'!$A:$K,COLUMN('S-3'!F$5),FALSE)),"") | H5: =IF(COUNT(C5:G5)=0,"",COUNT(C5:G5)) | I5: =IF(H5="","",SUM(C5:G5)) | J5: =IF(H5="","",I5/H5) | K5: =DATE(L4-1,9,1) -> 693841 | L5: Septiembre | M5: =IFERROR(IF(ISBLANK(VLOOKUP($K5,'S-3'!$A:$K,COLUMN('S-3'!B$5),FALSE)),"",VLOOKUP($K5,'S-3'!$A:$K,COLUMN('S-3'!B$5),FALSE)),"") | N5: =IFERROR(IF(ISBLANK(VLOOKUP($K5,'S-3'!$A:$K,COLUMN('S-3'!C$5),FALSE)),"",VLOOKUP($K5,'S-3'!$A:$K,COLUMN('S-3'!C$5),FALSE)),"") | O5: =IFERROR(IF(ISBLANK(VLOOKUP($K5,'S-3'!$A:$K,COLUMN('S-3'!D$5),FALSE)),"",VLOOKUP($K5,'S-3'!$A:$K,COLUMN('S-3'!D$5),FALSE)),"") | P5: =IFERROR(IF(ISBLANK(VLOOKUP($K5,'S-3'!$A:$K,COLUMN('S-3'!E$5),FALSE)),"",VLOOKUP($K5,'S-3'!$A:$K,COLUMN('S-3'!E$5),FALSE)),"") | Q5: =IFERROR(IF(ISBLANK(VLOOKUP($K5,'S-3'!$A:$K,COLUMN('S-3'!F$5),FALSE)),"",VLOOKUP($K5,'S-3'!$A:$K,COLUMN('S-3'!F$5),FALSE)),"") | R5: =IF(COUNT(M5:Q5)=0,"",COUNT(M5:Q5)) | S5: =IF(R5="","",SUM(M5:Q5)) | T5: =IF(R5="","",S5/R5)
A6: =EDATE(A5,1) -> 693506 | B6: Octubre | C6: =IFERROR(IF(ISBLANK(VLOOKUP($A6,'S-3'!$A:$K,COLUMN('S-3'!B$5),FALSE)),"",VLOOKUP($A6,'S-3'!$A:$K,COLUMN('S-3'!B$5),FALSE)),"") | D6: =IFERROR(IF(ISBLANK(VLOOKUP($A6,'S-3'!$A:$K,COLUMN('S-3'!C$5),FALSE)),"",VLOOKUP($A6,'S-3'!$A:$K,COLUMN('S-3'!C$5),FALSE)),"") | E6: =IFERROR(IF(ISBLANK(VLOOKUP($A6,'S-3'!$A:$K,COLUMN('S-3'!D$5),FALSE)),"",VLOOKUP($A6,'S-3'!$A:$K,COLUMN('S-3'!D$5),FALSE)),"") | F6: =IFERROR(IF(ISBLANK(VLOOKUP($A6,'S-3'!$A:$K,COLUMN('S-3'!E$5),FALSE)),"",VLOOKUP($A6,'S-3'!$A:$K,COLUMN('S-3'!E$5),FALSE)),"") | G6: =IFERROR(IF(ISBLANK(VLOOKUP($A6,'S-3'!$A:$K,COLUMN('S-3'!F$5),FALSE)),"",VLOOKUP($A6,'S-3'!$A:$K,COLUMN('S-3'!F$5),FALSE)),"") | H6: =IF(COUNT(C6:G6)=0,"",COUNT(C6:G6)) | I6: =IF(H6="","",SUM(C6:G6)) | J6: =IF(H6="","",I6/H6) | K6: =EDATE(K5,1) -> 693871 | L6: Octubre | M6: =IFERROR(IF(ISBLANK(VLOOKUP($K6,'S-3'!$A:$K,COLUMN('S-3'!B$5),FALSE)),"",VLOOKUP($K6,'S-3'!$A:$K,COLUMN('S-3'!B$5),FALSE)),"") | N6: =IFERROR(IF(ISBLANK(VLOOKUP($K6,'S-3'!$A:$K,COLUMN('S-3'!C$5),FALSE)),"",VLOOKUP($K6,'S-3'!$A:$K,COLUMN('S-3'!C$5),FALSE)),"") | O6: =IFERROR(IF(ISBLANK(VLOOKUP($K6,'S-3'!$A:$K,COLUMN('S-3'!D$5),FALSE)),"",VLOOKUP($K6,'S-3'!$A:$K,COLUMN('S-3'!D$5),FALSE)),"") | P6: =IFERROR(IF(ISBLANK(VLOOKUP($K6,'S-3'!$A:$K,COLUMN('S-3'!E$5),FALSE)),"",VLOOKUP($K6,'S-3'!$A:$K,COLUMN('S-3'!E$5),FALSE)),"") | Q6: =IFERROR(IF(ISBLANK(VLOOKUP($K6,'S-3'!$A:$K,COLUMN('S-3'!F$5),FALSE)),"",VLOOKUP($K6,'S-3'!$A:$K,COLUMN('S-3'!F$5),FALSE)),"") | R6: =IF(COUNT(M6:Q6)=0,"",COUNT(M6:Q6)) | S6: =IF(R6="","",SUM(M6:Q6)) | T6: =IF(R6="","",S6/R6)
A7: =EDATE(A6,1) -> 693537 | B7: Noviembre | C7: =IFERROR(IF(ISBLANK(VLOOKUP($A7,'S-3'!$A:$K,COLUMN('S-3'!B$5),FALSE)),"",VLOOKUP($A7,'S-3'!$A:$K,COLUMN('S-3'!B$5),FALSE)),"") | D7: =IFERROR(IF(ISBLANK(VLOOKUP($A7,'S-3'!$A:$K,COLUMN('S-3'!C$5),FALSE)),"",VLOOKUP($A7,'S-3'!$A:$K,COLUMN('S-3'!C$5),FALSE)),"") | E7: =IFERROR(IF(ISBLANK(VLOOKUP($A7,'S-3'!$A:$K,COLUMN('S-3'!D$5),FALSE)),"",VLOOKUP($A7,'S-3'!$A:$K,COLUMN('S-3'!D$5),FALSE)),"") | F7: =IFERROR(IF(ISBLANK(VLOOKUP($A7,'S-3'!$A:$K,COLUMN('S-3'!E$5),FALSE)),"",VLOOKUP($A7,'S-3'!$A:$K,COLUMN('S-3'!E$5),FALSE)),"") | G7: =IFERROR(IF(ISBLANK(VLOOKUP($A7,'S-3'!$A:$K,COLUMN('S-3'!F$5),FALSE)),"",VLOOKUP($A7,'S-3'!$A:$K,COLUMN('S-3'!F$5),FALSE)),"") | H7: =IF(COUNT(C7:G7)=0,"",COUNT(C7:G7)) | I7: =IF(H7="","",SUM(C7:G7)) | J7: =IF(H7="","",I7/H7) | K7: =EDATE(K6,1) -> 693902 | L7: Noviembre | M7: =IFERROR(IF(ISBLANK(VLOOKUP($K7,'S-3'!$A:$K,COLUMN('S-3'!B$5),FALSE)),"",VLOOKUP($K7,'S-3'!$A:$K,COLUMN('S-3'!B$5),FALSE)),"") | N7: =IFERROR(IF(ISBLANK(VLOOKUP($K7,'S-3'!$A:$K,COLUMN('S-3'!C$5),FALSE)),"",VLOOKUP($K7,'S-3'!$A:$K,COLUMN('S-3'!C$5),FALSE)),"") | O7: =IFERROR(IF(ISBLANK(VLOOKUP($K7,'S-3'!$A:$K,COLUMN('S-3'!D$5),FALSE)),"",VLOOKUP($K7,'S-3'!$A:$K,COLUMN('S-3'!D$5),FALSE)),"") | P7: =IFERROR(IF(ISBLANK(VLOOKUP($K7,'S-3'!$A:$K,COLUMN('S-3'!E$5),FALSE)),"",VLOOKUP($K7,'S-3'!$A:$K,COLUMN('S-3'!E$5),FALSE)),"") | Q7: =IFERROR(IF(ISBLANK(VLOOKUP($K7,'S-3'!$A:$K,COLUMN('S-3'!F$5),FALSE)),"",VLOOKUP($K7,'S-3'!$A:$K,COLUMN('S-3'!F$5),FALSE)),"") | R7: =IF(COUNT(M7:Q7)=0,"",COUNT(M7:Q7)) | S7: =IF(R7="","",SUM(M7:Q7)) | T7: =IF(R7="","",S7/R7)
A8: =EDATE(A7,1) -> 693567 | B8: Diciembre | C8: =IFERROR(IF(ISBLANK(VLOOKUP($A8,'S-3'!$A:$K,COLUMN('S-3'!B$5),FALSE)),"",VLOOKUP($A8,'S-3'!$A:$K,COLUMN('S-3'!B$5),FALSE)),"") | D8: =IFERROR(IF(ISBLANK(VLOOKUP($A8,'S-3'!$A:$K,COLUMN('S-3'!C$5),FALSE)),"",VLOOKUP($A8,'S-3'!$A:$K,COLUMN('S-3'!C$5),FALSE)),"") | E8: =IFERROR(IF(ISBLANK(VLOOKUP($A8,'S-3'!$A:$K,COLUMN('S-3'!D$5),FALSE)),"",VLOOKUP($A8,'S-3'!$A:$K,COLUMN('S-3'!D$5),FALSE)),"") | F8: =IFERROR(IF(ISBLANK(VLOOKUP($A8,'S-3'!$A:$K,COLUMN('S-3'!E$5),FALSE)),"",VLOOKUP($A8,'S-3'!$A:$K,COLUMN('S-3'!E$5),FALSE)),"") | G8: =IFERROR(IF(ISBLANK(VLOOKUP($A8,'S-3'!$A:$K,COLUMN('S-3'!F$5),FALSE)),"",VLOOKUP($A8,'S-3'!$A:$K,COLUMN('S-3'!F$5),FALSE)),"") | H8: =IF(COUNT(C8:G8)=0,"",COUNT(C8:G8)) | I8: =IF(H8="","",SUM(C8:G8)) | J8: =IF(H8="","",I8/H8) | K8: =EDATE(K7,1) -> 693932 | L8: Diciembre | M8: =IFERROR(IF(ISBLANK(VLOOKUP($K8,'S-3'!$A:$K,COLUMN('S-3'!B$5),FALSE)),"",VLOOKUP($K8,'S-3'!$A:$K,COLUMN('S-3'!B$5),FALSE)),"") | N8: =IFERROR(IF(ISBLANK(VLOOKUP($K8,'S-3'!$A:$K,COLUMN('S-3'!C$5),FALSE)),"",VLOOKUP($K8,'S-3'!$A:$K,COLUMN('S-3'!C$5),FALSE)),"") | O8: =IFERROR(IF(ISBLANK(VLOOKUP($K8,'S-3'!$A:$K,COLUMN('S-3'!D$5),FALSE)),"",VLOOKUP($K8,'S-3'!$A:$K,COLUMN('S-3'!D$5),FALSE)),"") | P8: =IFERROR(IF(ISBLANK(VLOOKUP($K8,'S-3'!$A:$K,COLUMN('S-3'!E$5),FALSE)),"",VLOOKUP($K8,'S-3'!$A:$K,COLUMN('S-3'!E$5),FALSE)),"") | Q8: =IFERROR(IF(ISBLANK(VLOOKUP($K8,'S-3'!$A:$K,COLUMN('S-3'!F$5),FALSE)),"",VLOOKUP($K8,'S-3'!$A:$K,COLUMN('S-3'!F$5),FALSE)),"") | R8: =IF(COUNT(M8:Q8)=0,"",COUNT(M8:Q8)) | S8: =IF(R8="","",SUM(M8:Q8)) | T8: =IF(R8="","",S8/R8)
A9: =EDATE(A8,1) -> 693598 | B9: Enero | C9: =IFERROR(IF(ISBLANK(VLOOKUP($A9,'S-3'!$A:$K,COLUMN('S-3'!B$5),FALSE)),"",VLOOKUP($A9,'S-3'!$A:$K,COLUMN('S-3'!B$5),FALSE)),"") | D9: =IFERROR(IF(ISBLANK(VLOOKUP($A9,'S-3'!$A:$K,COLUMN('S-3'!C$5),FALSE)),"",VLOOKUP($A9,'S-3'!$A:$K,COLUMN('S-3'!C$5),FALSE)),"") | E9: =IFERROR(IF(ISBLANK(VLOOKUP($A9,'S-3'!$A:$K,COLUMN('S-3'!D$5),FALSE)),"",VLOOKUP($A9,'S-3'!$A:$K,COLUMN('S-3'!D$5),FALSE)),"") | F9: =IFERROR(IF(ISBLANK(VLOOKUP($A9,'S-3'!$A:$K,COLUMN('S-3'!E$5),FALSE)),"",VLOOKUP($A9,'S-3'!$A:$K,COLUMN('S-3'!E$5),FALSE)),"") | G9: =IFERROR(IF(ISBLANK(VLOOKUP($A9,'S-3'!$A:$K,COLUMN('S-3'!F$5),FALSE)),"",VLOOKUP($A9,'S-3'!$A:$K,COLUMN('S-3'!F$5),FALSE)),"") | H9: =IF(COUNT(C9:G9)=0,"",COUNT(C9:G9)) | I9: =IF(H9="","",SUM(C9:G9)) | J9: =IF(H9="","",I9/H9) | K9: =EDATE(K8,1) -> 693963 | L9: Enero | M9: =IFERROR(IF(ISBLANK(VLOOKUP($K9,'S-3'!$A:$K,COLUMN('S-3'!B$5),FALSE)),"",VLOOKUP($K9,'S-3'!$A:$K,COLUMN('S-3'!B$5),FALSE)),"") | N9: =IFERROR(IF(ISBLANK(VLOOKUP($K9,'S-3'!$A:$K,COLUMN('S-3'!C$5),FALSE)),"",VLOOKUP($K9,'S-3'!$A:$K,COLUMN('S-3'!C$5),FALSE)),"") | O9: =IFERROR(IF(ISBLANK(VLOOKUP($K9,'S-3'!$A:$K,COLUMN('S-3'!D$5),FALSE)),"",VLOOKUP($K9,'S-3'!$A:$K,COLUMN('S-3'!D$5),FALSE)),"") | P9: =IFERROR(IF(ISBLANK(VLOOKUP($K9,'S-3'!$A:$K,COLUMN('S-3'!E$5),FALSE)),"",VLOOKUP($K9,'S-3'!$A:$K,COLUMN('S-3'!E$5),FALSE)),"") | Q9: =IFERROR(IF(ISBLANK(VLOOKUP($K9,'S-3'!$A:$K,COLUMN('S-3'!F$5),FALSE)),"",VLOOKUP($K9,'S-3'!$A:$K,COLUMN('S-3'!F$5),FALSE)),"") | R9: =IF(COUNT(M9:Q9)=0,"",COUNT(M9:Q9)) | S9: =IF(R9="","",SUM(M9:Q9)) | T9: =IF(R9="","",S9/R9)
A10: =EDATE(A9,1) -> 693629 | B10: Febrero | C10: =IFERROR(IF(ISBLANK(VLOOKUP($A10,'S-3'!$A:$K,COLUMN('S-3'!B$5),FALSE)),"",VLOOKUP($A10,'S-3'!$A:$K,COLUMN('S-3'!B$5),FALSE)),"") | D10: =IFERROR(IF(ISBLANK(VLOOKUP($A10,'S-3'!$A:$K,COLUMN('S-3'!C$5),FALSE)),"",VLOOKUP($A10,'S-3'!$A:$K,COLUMN('S-3'!C$5),FALSE)),"") | E10: =IFERROR(IF(ISBLANK(VLOOKUP($A10,'S-3'!$A:$K,COLUMN('S-3'!D$5),FALSE)),"",VLOOKUP($A10,'S-3'!$A:$K,COLUMN('S-3'!D$5),FALSE)),"") | F10: =IFERROR(IF(ISBLANK(VLOOKUP($A10,'S-3'!$A:$K,COLUMN('S-3'!E$5),FALSE)),"",VLOOKUP($A10,'S-3'!$A:$K,COLUMN('S-3'!E$5),FALSE)),"") | G10: =IFERROR(IF(ISBLANK(VLOOKUP($A10,'S-3'!$A:$K,COLUMN('S-3'!F$5),FALSE)),"",VLOOKUP($A10,'S-3'!$A:$K,COLUMN('S-3'!F$5),FALSE)),"") | H10: =IF(COUNT(C10:G10)=0,"",COUNT(C10:G10)) | I10: =IF(H10="","",SUM(C10:G10)) | J10: =IF(H10="","",I10/H10) | K10: =EDATE(K9,1) -> 693994 | L10: Febrero | M10: =IFERROR(IF(ISBLANK(VLOOKUP($K10,'S-3'!$A:$K,COLUMN('S-3'!B$5),FALSE)),"",VLOOKUP($K10,'S-3'!$A:$K,COLUMN('S-3'!B$5),FALSE)),"") | N10: =IFERROR(IF(ISBLANK(VLOOKUP($K10,'S-3'!$A:$K,COLUMN('S-3'!C$5),FALSE)),"",VLOOKUP($K10,'S-3'!$A:$K,COLUMN('S-3'!C$5),FALSE)),"") | O10: =IFERROR(IF(ISBLANK(VLOOKUP($K10,'S-3'!$A:$K,COLUMN('S-3'!D$5),FALSE)),"",VLOOKUP($K10,'S-3'!$A:$K,COLUMN('S-3'!D$5),FALSE)),"") | P10: =IFERROR(IF(ISBLANK(VLOOKUP($K10,'S-3'!$A:$K,COLUMN('S-3'!E$5),FALSE)),"",VLOOKUP($K10,'S-3'!$A:$K,COLUMN('S-3'!E$5),FALSE)),"") | Q10: =IFERROR(IF(ISBLANK(VLOOKUP($K10,'S-3'!$A:$K,COLUMN('S-3'!F$5),FALSE)),"",VLOOKUP($K10,'S-3'!$A:$K,COLUMN('S-3'!F$5),FALSE)),"") | R10: =IF(COUNT(M10:Q10)=0,"",COUNT(M10:Q10)) | S10: =IF(R10="","",SUM(M10:Q10)) | T10: =IF(R10="","",S10/R10)
A11: =EDATE(A10,1) -> 693657 | B11: Marzo | C11: =IFERROR(IF(ISBLANK(VLOOKUP($A11,'S-3'!$A:$K,COLUMN('S-3'!B$5),FALSE)),"",VLOOKUP($A11,'S-3'!$A:$K,COLUMN('S-3'!B$5),FALSE)),"") | D11: =IFERROR(IF(ISBLANK(VLOOKUP($A11,'S-3'!$A:$K,COLUMN('S-3'!C$5),FALSE)),"",VLOOKUP($A11,'S-3'!$A:$K,COLUMN('S-3'!C$5),FALSE)),"") | E11: =IFERROR(IF(ISBLANK(VLOOKUP($A11,'S-3'!$A:$K,COLUMN('S-3'!D$5),FALSE)),"",VLOOKUP($A11,'S-3'!$A:$K,COLUMN('S-3'!D$5),FALSE)),"") | F11: =IFERROR(IF(ISBLANK(VLOOKUP($A11,'S-3'!$A:$K,COLUMN('S-3'!E$5),FALSE)),"",VLOOKUP($A11,'S-3'!$A:$K,COLUMN('S-3'!E$5),FALSE)),"") | G11: =IFERROR(IF(ISBLANK(VLOOKUP($A11,'S-3'!$A:$K,COLUMN('S-3'!F$5),FALSE)),"",VLOOKUP($A11,'S-3'!$A:$K,COLUMN('S-3'!F$5),FALSE)),"") | H11: =IF(COUNT(C11:G11)=0,"",COUNT(C11:G11)) | I11: =IF(H11="","",SUM(C11:G11)) | J11: =IF(H11="","",I11/H11) | K11: =EDATE(K10,1) -> 694022 | L11: Marzo | M11: =IFERROR(IF(ISBLANK(VLOOKUP($K11,'S-3'!$A:$K,COLUMN('S-3'!B$5),FALSE)),"",VLOOKUP($K11,'S-3'!$A:$K,COLUMN('S-3'!B$5),FALSE)),"") | N11: =IFERROR(IF(ISBLANK(VLOOKUP($K11,'S-3'!$A:$K,COLUMN('S-3'!C$5),FALSE)),"",VLOOKUP($K11,'S-3'!$A:$K,COLUMN('S-3'!C$5),FALSE)),"") | O11: =IFERROR(IF(ISBLANK(VLOOKUP($K11,'S-3'!$A:$K,COLUMN('S-3'!D$5),FALSE)),"",VLOOKUP($K11,'S-3'!$A:$K,COLUMN('S-3'!D$5),FALSE)),"") | P11: =IFERROR(IF(ISBLANK(VLOOKUP($K11,'S-3'!$A:$K,COLUMN('S-3'!E$5),FALSE)),"",VLOOKUP($K11,'S-3'!$A:$K,COLUMN('S-3'!E$5),FALSE)),"") | Q11: =IFERROR(IF(ISBLANK(VLOOKUP($K11,'S-3'!$A:$K,COLUMN('S-3'!F$5),FALSE)),"",VLOOKUP($K11,'S-3'!$A:$K,COLUMN('S-3'!F$5),FALSE)),"") | R11: =IF(COUNT(M11:Q11)=0,"",COUNT(M11:Q11)) | S11: =IF(R11="","",SUM(M11:Q11)) | T11: =IF(R11="","",S11/R11)
A12: =EDATE(A11,1) -> 693688 | B12: Abril | C12: =IFERROR(IF(ISBLANK(VLOOKUP($A12,'S-3'!$A:$K,COLUMN('S-3'!B$5),FALSE)),"",VLOOKUP($A12,'S-3'!$A:$K,COLUMN('S-3'!B$5),FALSE)),"") | D12: =IFERROR(IF(ISBLANK(VLOOKUP($A12,'S-3'!$A:$K,COLUMN('S-3'!C$5),FALSE)),"",VLOOKUP($A12,'S-3'!$A:$K,COLUMN('S-3'!C$5),FALSE)),"") | E12: =IFERROR(IF(ISBLANK(VLOOKUP($A12,'S-3'!$A:$K,COLUMN('S-3'!D$5),FALSE)),"",VLOOKUP($A12,'S-3'!$A:$K,COLUMN('S-3'!D$5),FALSE)),"") | F12: =IFERROR(IF(ISBLANK(VLOOKUP($A12,'S-3'!$A:$K,COLUMN('S-3'!E$5),FALSE)),"",VLOOKUP($A12,'S-3'!$A:$K,COLUMN('S-3'!E$5),FALSE)),"") | G12: =IFERROR(IF(ISBLANK(VLOOKUP($A12,'S-3'!$A:$K,COLUMN('S-3'!F$5),FALSE)),"",VLOOKUP($A12,'S-3'!$A:$K,COLUMN('S-3'!F$5),FALSE)),"") | H12: =IF(COUNT(C12:G12)=0,"",COUNT(C12:G12)) | I12: =IF(H12="","",SUM(C12:G12)) | J12: =IF(H12="","",I12/H12) | K12: =EDATE(K11,1) -> 694053 | L12: Abril | M12: =IFERROR(IF(ISBLANK(VLOOKUP($K12,'S-3'!$A:$K,COLUMN('S-3'!B$5),FALSE)),"",VLOOKUP($K12,'S-3'!$A:$K,COLUMN('S-3'!B$5),FALSE)),"") | N12: =IFERROR(IF(ISBLANK(VLOOKUP($K12,'S-3'!$A:$K,COLUMN('S-3'!C$5),FALSE)),"",VLOOKUP($K12,'S-3'!$A:$K,COLUMN('S-3'!C$5),FALSE)),"") | O12: =IFERROR(IF(ISBLANK(VLOOKUP($K12,'S-3'!$A:$K,COLUMN('S-3'!D$5),FALSE)),"",VLOOKUP($K12,'S-3'!$A:$K,COLUMN('S-3'!D$5),FALSE)),"") | P12: =IFERROR(IF(ISBLANK(VLOOKUP($K12,'S-3'!$A:$K,COLUMN('S-3'!E$5),FALSE)),"",VLOOKUP($K12,'S-3'!$A:$K,COLUMN('S-3'!E$5),FALSE)),"") | Q12: =IFERROR(IF(ISBLANK(VLOOKUP($K12,'S-3'!$A:$K,COLUMN('S-3'!F$5),FALSE)),"",VLOOKUP($K12,'S-3'!$A:$K,COLUMN('S-3'!F$5),FALSE)),"") | R12: =IF(COUNT(M12:Q12)=0,"",COUNT(M12:Q12)) | S12: =IF(R12="","",SUM(M12:Q12)) | T12: =IF(R12="","",S12/R12)
A13: =EDATE(A12,1) -> 693718 | B13: Mayo | C13: =IFERROR(IF(ISBLANK(VLOOKUP($A13,'S-3'!$A:$K,COLUMN('S-3'!B$5),FALSE)),"",VLOOKUP($A13,'S-3'!$A:$K,COLUMN('S-3'!B$5),FALSE)),"") | D13: =IFERROR(IF(ISBLANK(VLOOKUP($A13,'S-3'!$A:$K,COLUMN('S-3'!C$5),FALSE)),"",VLOOKUP($A13,'S-3'!$A:$K,COLUMN('S-3'!C$5),FALSE)),"") | E13: =IFERROR(IF(ISBLANK(VLOOKUP($A13,'S-3'!$A:$K,COLUMN('S-3'!D$5),FALSE)),"",VLOOKUP($A13,'S-3'!$A:$K,COLUMN('S-3'!D$5),FALSE)),"") | F13: =IFERROR(IF(ISBLANK(VLOOKUP($A13,'S-3'!$A:$K,COLUMN('S-3'!E$5),FALSE)),"",VLOOKUP($A13,'S-3'!$A:$K,COLUMN('S-3'!E$5),FALSE)),"") | G13: =IFERROR(IF(ISBLANK(VLOOKUP($A13,'S-3'!$A:$K,COLUMN('S-3'!F$5),FALSE)),"",VLOOKUP($A13,'S-3'!$A:$K,COLUMN('S-3'!F$5),FALSE)),"") | H13: =IF(COUNT(C13:G13)=0,"",COUNT(C13:G13)) | I13: =IF(H13="","",SUM(C13:G13)) | J13: =IF(H13="","",I13/H13) | K13: =EDATE(K12,1) -> 694083 | L13: Mayo | M13: =IFERROR(IF(ISBLANK(VLOOKUP($K13,'S-3'!$A:$K,COLUMN('S-3'!B$5),FALSE)),"",VLOOKUP($K13,'S-3'!$A:$K,COLUMN('S-3'!B$5),FALSE)),"") | N13: =IFERROR(IF(ISBLANK(VLOOKUP($K13,'S-3'!$A:$K,COLUMN('S-3'!C$5),FALSE)),"",VLOOKUP($K13,'S-3'!$A:$K,COLUMN('S-3'!C$5),FALSE)),"") | O13: =IFERROR(IF(ISBLANK(VLOOKUP($K13,'S-3'!$A:$K,COLUMN('S-3'!D$5),FALSE)),"",VLOOKUP($K13,'S-3'!$A:$K,COLUMN('S-3'!D$5),FALSE)),"") | P13: =IFERROR(IF(ISBLANK(VLOOKUP($K13,'S-3'!$A:$K,COLUMN('S-3'!E$5),FALSE)),"",VLOOKUP($K13,'S-3'!$A:$K,COLUMN('S-3'!E$5),FALSE)),"") | Q13: =IFERROR(IF(ISBLANK(VLOOKUP($K13,'S-3'!$A:$K,COLUMN('S-3'!F$5),FALSE)),"",VLOOKUP($K13,'S-3'!$A:$K,COLUMN('S-3'!F$5),FALSE)),"") | R13: =IF(COUNT(M13:Q13)=0,"",COUNT(M13:Q13)) | S13: =IF(R13="","",SUM(M13:Q13)) | T13: =IF(R13="","",S13/R13)
A14: =EDATE(A13,1) -> 693749 | B14: Junio | C14: =IFERROR(IF(ISBLANK(VLOOKUP($A14,'S-3'!$A:$K,COLUMN('S-3'!B$5),FALSE)),"",VLOOKUP($A14,'S-3'!$A:$K,COLUMN('S-3'!B$5),FALSE)),"") | D14: =IFERROR(IF(ISBLANK(VLOOKUP($A14,'S-3'!$A:$K,COLUMN('S-3'!C$5),FALSE)),"",VLOOKUP($A14,'S-3'!$A:$K,COLUMN('S-3'!C$5),FALSE)),"") | E14: =IFERROR(IF(ISBLANK(VLOOKUP($A14,'S-3'!$A:$K,COLUMN('S-3'!D$5),FALSE)),"",VLOOKUP($A14,'S-3'!$A:$K,COLUMN('S-3'!D$5),FALSE)),"") | F14: =IFERROR(IF(ISBLANK(VLOOKUP($A14,'S-3'!$A:$K,COLUMN('S-3'!E$5),FALSE)),"",VLOOKUP($A14,'S-3'!$A:$K,COLUMN('S-3'!E$5),FALSE)),"") | G14: =IFERROR(IF(ISBLANK(VLOOKUP($A14,'S-3'!$A:$K,COLUMN('S-3'!F$5),FALSE)),"",VLOOKUP($A14,'S-3'!$A:$K,COLUMN('S-3'!F$5),FALSE)),"") | H14: =IF(COUNT(C14:G14)=0,"",COUNT(C14:G14)) | I14: =IF(H14="","",SUM(C14:G14)) | J14: =IF(H14="","",I14/H14) | K14: =EDATE(K13,1) -> 694114 | L14: Junio | M14: =IFERROR(IF(ISBLANK(VLOOKUP($K14,'S-3'!$A:$K,COLUMN('S-3'!B$5),FALSE)),"",VLOOKUP($K14,'S-3'!$A:$K,COLUMN('S-3'!B$5),FALSE)),"") | N14: =IFERROR(IF(ISBLANK(VLOOKUP($K14,'S-3'!$A:$K,COLUMN('S-3'!C$5),FALSE)),"",VLOOKUP($K14,'S-3'!$A:$K,COLUMN('S-3'!C$5),FALSE)),"") | O14: =IFERROR(IF(ISBLANK(VLOOKUP($K14,'S-3'!$A:$K,COLUMN('S-3'!D$5),FALSE)),"",VLOOKUP($K14,'S-3'!$A:$K,COLUMN('S-3'!D$5),FALSE)),"") | P14: =IFERROR(IF(ISBLANK(VLOOKUP($K14,'S-3'!$A:$K,COLUMN('S-3'!E$5),FALSE)),"",VLOOKUP($K14,'S-3'!$A:$K,COLUMN('S-3'!E$5),FALSE)),"") | Q14: =IFERROR(IF(ISBLANK(VLOOKUP($K14,'S-3'!$A:$K,COLUMN('S-3'!F$5),FALSE)),"",VLOOKUP($K14,'S-3'!$A:$K,COLUMN('S-3'!F$5),FALSE)),"") | R14: =IF(COUNT(M14:Q14)=0,"",COUNT(M14:Q14)) | S14: =IF(R14="","",SUM(M14:Q14)) | T14: =IF(R14="","",S14/R14)
A15: =EDATE(A14,1) -> 693779 | B15: Julio | C15: =IFERROR(IF(ISBLANK(VLOOKUP($A15,'S-3'!$A:$K,COLUMN('S-3'!B$5),FALSE)),"",VLOOKUP($A15,'S-3'!$A:$K,COLUMN('S-3'!B$5),FALSE)),"") | D15: =IFERROR(IF(ISBLANK(VLOOKUP($A15,'S-3'!$A:$K,COLUMN('S-3'!C$5),FALSE)),"",VLOOKUP($A15,'S-3'!$A:$K,COLUMN('S-3'!C$5),FALSE)),"") | E15: =IFERROR(IF(ISBLANK(VLOOKUP($A15,'S-3'!$A:$K,COLUMN('S-3'!D$5),FALSE)),"",VLOOKUP($A15,'S-3'!$A:$K,COLUMN('S-3'!D$5),FALSE)),"") | F15: =IFERROR(IF(ISBLANK(VLOOKUP($A15,'S-3'!$A:$K,COLUMN('S-3'!E$5),FALSE)),"",VLOOKUP($A15,'S-3'!$A:$K,COLUMN('S-3'!E$5),FALSE)),"") | G15: =IFERROR(IF(ISBLANK(VLOOKUP($A15,'S-3'!$A:$K,COLUMN('S-3'!F$5),FALSE)),"",VLOOKUP($A15,'S-3'!$A:$K,COLUMN('S-3'!F$5),FALSE)),"") | H15: =IF(COUNT(C15:G15)=0,"",COUNT(C15:G15)) | I15: =IF(H15="","",SUM(C15:G15)) | J15: =IF(H15="","",I15/H15) | K15: =EDATE(K14,1) -> 694144 | L15: Julio | M15: =IFERROR(IF(ISBLANK(VLOOKUP($K15,'S-3'!$A:$K,COLUMN('S-3'!B$5),FALSE)),"",VLOOKUP($K15,'S-3'!$A:$K,COLUMN('S-3'!B$5),FALSE)),"") | N15: =IFERROR(IF(ISBLANK(VLOOKUP($K15,'S-3'!$A:$K,COLUMN('S-3'!C$5),FALSE)),"",VLOOKUP($K15,'S-3'!$A:$K,COLUMN('S-3'!C$5),FALSE)),"") | O15: =IFERROR(IF(ISBLANK(VLOOKUP($K15,'S-3'!$A:$K,COLUMN('S-3'!D$5),FALSE)),"",VLOOKUP($K15,'S-3'!$A:$K,COLUMN('S-3'!D$5),FALSE)),"") | P15: =IFERROR(IF(ISBLANK(VLOOKUP($K15,'S-3'!$A:$K,COLUMN('S-3'!E$5),FALSE)),"",VLOOKUP($K15,'S-3'!$A:$K,COLUMN('S-3'!E$5),FALSE)),"") | Q15: =IFERROR(IF(ISBLANK(VLOOKUP($K15,'S-3'!$A:$K,COLUMN('S-3'!F$5),FALSE)),"",VLOOKUP($K15,'S-3'!$A:$K,COLUMN('S-3'!F$5),FALSE)),"") | R15: =IF(COUNT(M15:Q15)=0,"",COUNT(M15:Q15)) | S15: =IF(R15="","",SUM(M15:Q15)) | T15: =IF(R15="","",S15/R15)
A16: =EDATE(A15,1) -> 693810 | B16: Agosto | C16: =IFERROR(IF(ISBLANK(VLOOKUP($A16,'S-3'!$A:$K,COLUMN('S-3'!B$5),FALSE)),"",VLOOKUP($A16,'S-3'!$A:$K,COLUMN('S-3'!B$5),FALSE)),"") | D16: =IFERROR(IF(ISBLANK(VLOOKUP($A16,'S-3'!$A:$K,COLUMN('S-3'!C$5),FALSE)),"",VLOOKUP($A16,'S-3'!$A:$K,COLUMN('S-3'!C$5),FALSE)),"") | E16: =IFERROR(IF(ISBLANK(VLOOKUP($A16,'S-3'!$A:$K,COLUMN('S-3'!D$5),FALSE)),"",VLOOKUP($A16,'S-3'!$A:$K,COLUMN('S-3'!D$5),FALSE)),"") | F16: =IFERROR(IF(ISBLANK(VLOOKUP($A16,'S-3'!$A:$K,COLUMN('S-3'!E$5),FALSE)),"",VLOOKUP($A16,'S-3'!$A:$K,COLUMN('S-3'!E$5),FALSE)),"") | G16: =IFERROR(IF(ISBLANK(VLOOKUP($A16,'S-3'!$A:$K,COLUMN('S-3'!F$5),FALSE)),"",VLOOKUP($A16,'S-3'!$A:$K,COLUMN('S-3'!F$5),FALSE)),"") | H16: =IF(COUNT(C16:G16)=0,"",COUNT(C16:G16)) | I16: =IF(H16="","",SUM(C16:G16)) | J16: =IF(H16="","",I16/H16) | K16: =EDATE(K15,1) -> 694175 | L16: Agosto | M16: =IFERROR(IF(ISBLANK(VLOOKUP($K16,'S-3'!$A:$K,COLUMN('S-3'!B$5),FALSE)),"",VLOOKUP($K16,'S-3'!$A:$K,COLUMN('S-3'!B$5),FALSE)),"") | N16: =IFERROR(IF(ISBLANK(VLOOKUP($K16,'S-3'!$A:$K,COLUMN('S-3'!C$5),FALSE)),"",VLOOKUP($K16,'S-3'!$A:$K,COLUMN('S-3'!C$5),FALSE)),"") | O16: =IFERROR(IF(ISBLANK(VLOOKUP($K16,'S-3'!$A:$K,COLUMN('S-3'!D$5),FALSE)),"",VLOOKUP($K16,'S-3'!$A:$K,COLUMN('S-3'!D$5),FALSE)),"") | P16: =IFERROR(IF(ISBLANK(VLOOKUP($K16,'S-3'!$A:$K,COLUMN('S-3'!E$5),FALSE)),"",VLOOKUP($K16,'S-3'!$A:$K,COLUMN('S-3'!E$5),FALSE)),"") | Q16: =IFERROR(IF(ISBLANK(VLOOKUP($K16,'S-3'!$A:$K,COLUMN('S-3'!F$5),FALSE)),"",VLOOKUP($K16,'S-3'!$A:$K,COLUMN('S-3'!F$5),FALSE)),"") | R16: =IF(COUNT(M16:Q16)=0,"",COUNT(M16:Q16)) | S16: =IF(R16="","",SUM(M16:Q16)) | T16: =IF(R16="","",S16/R16)
B17: Promedio de asistencia mensual | J17: =AVERAGE(J5:J16) -> #DIV/0! | L17: Promedio de asistencia mensual | T17: =AVERAGE(T5:T16) -> #DIV/0!
B19: Reunión del fin de semana
B20: Año de servicio | C20: Primera Semana | D20: Segunda Semana | E20: Tercera Semana | F20: Cuarta Semana | G20: Quinta Semana | H20: Número de reuniones | I20: Asistencia total | J20: Promedio de asistencia semanal | L20: Año de servicio | M20: Primera Semana | N20: Segunda Semana | O20: Tercera Semana | P20: Cuarta Semana | Q20: Quinta Semana | R20: Número de reuniones | S20: Asistencia total | T20: Promedio de asistencia semanal
B21: =B4 -> 1899 | L21: =L4 -> 1900
A22: =DATE(B21-1,9,1) -> 693476 | B22: Septiembre | C22: =IFERROR(IF(ISBLANK(VLOOKUP($A22,'S-3'!$A:$K,COLUMN('S-3'!G$5),FALSE)),"",VLOOKUP($A22,'S-3'!$A:$K,COLUMN('S-3'!G$5),FALSE)),"") | D22: =IFERROR(IF(ISBLANK(VLOOKUP($A22,'S-3'!$A:$K,COLUMN('S-3'!H$5),FALSE)),"",VLOOKUP($A22,'S-3'!$A:$K,COLUMN('S-3'!H$5),FALSE)),"") | E22: =IFERROR(IF(ISBLANK(VLOOKUP($A22,'S-3'!$A:$K,COLUMN('S-3'!I$5),FALSE)),"",VLOOKUP($A22,'S-3'!$A:$K,COLUMN('S-3'!I$5),FALSE)),"") | F22: =IFERROR(IF(ISBLANK(VLOOKUP($A22,'S-3'!$A:$K,COLUMN('S-3'!J$5),FALSE)),"",VLOOKUP($A22,'S-3'!$A:$K,COLUMN('S-3'!J$5),FALSE)),"") | G22: =IFERROR(IF(ISBLANK(VLOOKUP($A22,'S-3'!$A:$K,COLUMN('S-3'!K$5),FALSE)),"",VLOOKUP($A22,'S-3'!$A:$K,COLUMN('S-3'!K$5),FALSE)),"") | H22: =IF(COUNT(C22:G22)=0,"",COUNT(C22:G22)) | I22: =IF(H22="","",SUM(C22:G22)) | J22: =IF(H22="","",I22/H22) | K22: =DATE(L21-1,9,1) -> 693841 | L22: Septiembre | M22: =IFERROR(IF(ISBLANK(VLOOKUP($K22,'S-3'!$A:$K,COLUMN('S-3'!G$5),FALSE)),"",VLOOKUP($K22,'S-3'!$A:$K,COLUMN('S-3'!G$5),FALSE)),"") | N22: =IFERROR(IF(ISBLANK(VLOOKUP($K22,'S-3'!$A:$K,COLUMN('S-3'!H$5),FALSE)),"",VLOOKUP($K22,'S-3'!$A:$K,COLUMN('S-3'!H$5),FALSE)),"") | O22: =IFERROR(IF(ISBLANK(VLOOKUP($K22,'S-3'!$A:$K,COLUMN('S-3'!I$5),FALSE)),"",VLOOKUP($K22,'S-3'!$A:$K,COLUMN('S-3'!I$5),FALSE)),"") | P22: =IFERROR(IF(ISBLANK(VLOOKUP($K22,'S-3'!$A:$K,COLUMN('S-3'!J$5),FALSE)),"",VLOOKUP($K22,'S-3'!$A:$K,COLUMN('S-3'!J$5),FALSE)),"") | Q22: =IFERROR(IF(ISBLANK(VLOOKUP($K22,'S-3'!$A:$K,COLUMN('S-3'!K$5),FALSE)),"",VLOOKUP($K22,'S-3'!$A:$K,COLUMN('S-3'!K$5),FALSE)),"") | R22: =IF(COUNT(M22:Q22)=0,"",COUNT(M22:Q22)) | S22: =IF(R22="","",SUM(M22:Q22)) | T22: =IF(R22="","",S22/R22)
A23: =EDATE(A22,1) -> 693506 | B23: Octubre | C23: =IFERROR(IF(ISBLANK(VLOOKUP($A23,'S-3'!$A:$K,COLUMN('S-3'!G$5),FALSE)),"",VLOOKUP($A23,'S-3'!$A:$K,COLUMN('S-3'!G$5),FALSE)),"") | D23: =IFERROR(IF(ISBLANK(VLOOKUP($A23,'S-3'!$A:$K,COLUMN('S-3'!H$5),FALSE)),"",VLOOKUP($A23,'S-3'!$A:$K,COLUMN('S-3'!H$5),FALSE)),"") | E23: =IFERROR(IF(ISBLANK(VLOOKUP($A23,'S-3'!$A:$K,COLUMN('S-3'!I$5),FALSE)),"",VLOOKUP($A23,'S-3'!$A:$K,COLUMN('S-3'!I$5),FALSE)),"") | F23: =IFERROR(IF(ISBLANK(VLOOKUP($A23,'S-3'!$A:$K,COLUMN('S-3'!J$5),FALSE)),"",VLOOKUP($A23,'S-3'!$A:$K,COLUMN('S-3'!J$5),FALSE)),"") | G23: =IFERROR(IF(ISBLANK(VLOOKUP($A23,'S-3'!$A:$K,COLUMN('S-3'!K$5),FALSE)),"",VLOOKUP($A23,'S-3'!$A:$K,COLUMN('S-3'!K$5),FALSE)),"") | H23: =IF(COUNT(C23:G23)=0,"",COUNT(C23:G23)) | I23: =IF(H23="","",SUM(C23:G23)) | J23: =IF(H23="","",I23/H23) | K23: =EDATE(K22,1) -> 693871 | L23: Octubre | M23: =IFERROR(IF(ISBLANK(VLOOKUP($K23,'S-3'!$A:$K,COLUMN('S-3'!G$5),FALSE)),"",VLOOKUP($K23,'S-3'!$A:$K,COLUMN('S-3'!G$5),FALSE)),"") | N23: =IFERROR(IF(ISBLANK(VLOOKUP($K23,'S-3'!$A:$K,COLUMN('S-3'!H$5),FALSE)),"",VLOOKUP($K23,'S-3'!$A:$K,COLUMN('S-3'!H$5),FALSE)),"") | O23: =IFERROR(IF(ISBLANK(VLOOKUP($K23,'S-3'!$A:$K,COLUMN('S-3'!I$5),FALSE)),"",VLOOKUP($K23,'S-3'!$A:$K,COLUMN('S-3'!I$5),FALSE)),"") | P23: =IFERROR(IF(ISBLANK(VLOOKUP($K23,'S-3'!$A:$K,COLUMN('S-3'!J$5),FALSE)),"",VLOOKUP($K23,'S-3'!$A:$K,COLUMN('S-3'!J$5),FALSE)),"") | Q23: =IFERROR(IF(ISBLANK(VLOOKUP($K23,'S-3'!$A:$K,COLUMN('S-3'!K$5),FALSE)),"",VLOOKUP($K23,'S-3'!$A:$K,COLUMN('S-3'!K$5),FALSE)),"") | R23: =IF(COUNT(M23:Q23)=0,"",COUNT(M23:Q23)) | S23: =IF(R23="","",SUM(M23:Q23)) | T23: =IF(R23="","",S23/R23)
A24: =EDATE(A23,1) -> 693537 | B24: Noviembre | C24: =IFERROR(IF(ISBLANK(VLOOKUP($A24,'S-3'!$A:$K,COLUMN('S-3'!G$5),FALSE)),"",VLOOKUP($A24,'S-3'!$A:$K,COLUMN('S-3'!G$5),FALSE)),"") | D24: =IFERROR(IF(ISBLANK(VLOOKUP($A24,'S-3'!$A:$K,COLUMN('S-3'!H$5),FALSE)),"",VLOOKUP($A24,'S-3'!$A:$K,COLUMN('S-3'!H$5),FALSE)),"") | E24: =IFERROR(IF(ISBLANK(VLOOKUP($A24,'S-3'!$A:$K,COLUMN('S-3'!I$5),FALSE)),"",VLOOKUP($A24,'S-3'!$A:$K,COLUMN('S-3'!I$5),FALSE)),"") | F24: =IFERROR(IF(ISBLANK(VLOOKUP($A24,'S-3'!$A:$K,COLUMN('S-3'!J$5),FALSE)),"",VLOOKUP($A24,'S-3'!$A:$K,COLUMN('S-3'!J$5),FALSE)),"") | G24: =IFERROR(IF(ISBLANK(VLOOKUP($A24,'S-3'!$A:$K,COLUMN('S-3'!K$5),FALSE)),"",VLOOKUP($A24,'S-3'!$A:$K,COLUMN('S-3'!K$5),FALSE)),"") | H24: =IF(COUNT(C24:G24)=0,"",COUNT(C24:G24)) | I24: =IF(H24="","",SUM(C24:G24)) | J24: =IF(H24="","",I24/H24) | K24: =EDATE(K23,1) -> 693902 | L24: Noviembre | M24: =IFERROR(IF(ISBLANK(VLOOKUP($K24,'S-3'!$A:$K,COLUMN('S-3'!G$5),FALSE)),"",VLOOKUP($K24,'S-3'!$A:$K,COLUMN('S-3'!G$5),FALSE)),"") | N24: =IFERROR(IF(ISBLANK(VLOOKUP($K24,'S-3'!$A:$K,COLUMN('S-3'!H$5),FALSE)),"",VLOOKUP($K24,'S-3'!$A:$K,COLUMN('S-3'!H$5),FALSE)),"") | O24: =IFERROR(IF(ISBLANK(VLOOKUP($K24,'S-3'!$A:$K,COLUMN('S-3'!I$5),FALSE)),"",VLOOKUP($K24,'S-3'!$A:$K,COLUMN('S-3'!I$5),FALSE)),"") | P24: =IFERROR(IF(ISBLANK(VLOOKUP($K24,'S-3'!$A:$K,COLUMN('S-3'!J$5),FALSE)),"",VLOOKUP($K24,'S-3'!$A:$K,COLUMN('S-3'!J$5),FALSE)),"") | Q24: =IFERROR(IF(ISBLANK(VLOOKUP($K24,'S-3'!$A:$K,COLUMN('S-3'!K$5),FALSE)),"",VLOOKUP($K24,'S-3'!$A:$K,COLUMN('S-3'!K$5),FALSE)),"") | R24: =IF(COUNT(M24:Q24)=0,"",COUNT(M24:Q24)) | S24: =IF(R24="","",SUM(M24:Q24)) | T24: =IF(R24="","",S24/R24)
A25: =EDATE(A24,1) -> 693567 | B25: Diciembre | C25: =IFERROR(IF(ISBLANK(VLOOKUP($A25,'S-3'!$A:$K,COLUMN('S-3'!G$5),FALSE)),"",VLOOKUP($A25,'S-3'!$A:$K,COLUMN('S-3'!G$5),FALSE)),"") | D25: =IFERROR(IF(ISBLANK(VLOOKUP($A25,'S-3'!$A:$K,COLUMN('S-3'!H$5),FALSE)),"",VLOOKUP($A25,'S-3'!$A:$K,COLUMN('S-3'!H$5),FALSE)),"") | E25: =IFERROR(IF(ISBLANK(VLOOKUP($A25,'S-3'!$A:$K,COLUMN('S-3'!I$5),FALSE)),"",VLOOKUP($A25,'S-3'!$A:$K,COLUMN('S-3'!I$5),FALSE)),"") | F25: =IFERROR(IF(ISBLANK(VLOOKUP($A25,'S-3'!$A:$K,COLUMN('S-3'!J$5),FALSE)),"",VLOOKUP($A25,'S-3'!$A:$K,COLUMN('S-3'!J$5),FALSE)),"") | G25: =IFERROR(IF(ISBLANK(VLOOKUP($A25,'S-3'!$A:$K,COLUMN('S-3'!K$5),FALSE)),"",VLOOKUP($A25,'S-3'!$A:$K,COLUMN('S-3'!K$5),FALSE)),"") | H25: =IF(COUNT(C25:G25)=0,"",COUNT(C25:G25)) | I25: =IF(H25="","",SUM(C25:G25)) | J25: =IF(H25="","",I25/H25) | K25: =EDATE(K24,1) -> 693932 | L25: Diciembre | M25: =IFERROR(IF(ISBLANK(VLOOKUP($K25,'S-3'!$A:$K,COLUMN('S-3'!G$5),FALSE)),"",VLOOKUP($K25,'S-3'!$A:$K,COLUMN('S-3'!G$5),FALSE)),"") | N25: =IFERROR(IF(ISBLANK(VLOOKUP($K25,'S-3'!$A:$K,COLUMN('S-3'!H$5),FALSE)),"",VLOOKUP($K25,'S-3'!$A:$K,COLUMN('S-3'!H$5),FALSE)),"") | O25: =IFERROR(IF(ISBLANK(VLOOKUP($K25,'S-3'!$A:$K,COLUMN('S-3'!I$5),FALSE)),"",VLOOKUP($K25,'S-3'!$A:$K,COLUMN('S-3'!I$5),FALSE)),"") | P25: =IFERROR(IF(ISBLANK(VLOOKUP($K25,'S-3'!$A:$K,COLUMN('S-3'!J$5),FALSE)),"",VLOOKUP($K25,'S-3'!$A:$K,COLUMN('S-3'!J$5),FALSE)),"") | Q25: =IFERROR(IF(ISBLANK(VLOOKUP($K25,'S-3'!$A:$K,COLUMN('S-3'!K$5),FALSE)),"",VLOOKUP($K25,'S-3'!$A:$K,COLUMN('S-3'!K$5),FALSE)),"") | R25: =IF(COUNT(M25:Q25)=0,"",COUNT(M25:Q25)) | S25: =IF(R25="","",SUM(M25:Q25)) | T25: =IF(R25="","",S25/R25)
A26: =EDATE(A25,1) -> 693598 | B26: Enero | C26: =IFERROR(IF(ISBLANK(VLOOKUP($A26,'S-3'!$A:$K,COLUMN('S-3'!G$5),FALSE)),"",VLOOKUP($A26,'S-3'!$A:$K,COLUMN('S-3'!G$5),FALSE)),"") | D26: =IFERROR(IF(ISBLANK(VLOOKUP($A26,'S-3'!$A:$K,COLUMN('S-3'!H$5),FALSE)),"",VLOOKUP($A26,'S-3'!$A:$K,COLUMN('S-3'!H$5),FALSE)),"") | E26: =IFERROR(IF(ISBLANK(VLOOKUP($A26,'S-3'!$A:$K,COLUMN('S-3'!I$5),FALSE)),"",VLOOKUP($A26,'S-3'!$A:$K,COLUMN('S-3'!I$5),FALSE)),"") | F26: =IFERROR(IF(ISBLANK(VLOOKUP($A26,'S-3'!$A:$K,COLUMN('S-3'!J$5),FALSE)),"",VLOOKUP($A26,'S-3'!$A:$K,COLUMN('S-3'!J$5),FALSE)),"") | G26: =IFERROR(IF(ISBLANK(VLOOKUP($A26,'S-3'!$A:$K,COLUMN('S-3'!K$5),FALSE)),"",VLOOKUP($A26,'S-3'!$A:$K,COLUMN('S-3'!K$5),FALSE)),"") | H26: =IF(COUNT(C26:G26)=0,"",COUNT(C26:G26)) | I26: =IF(H26="","",SUM(C26:G26)) | J26: =IF(H26="","",I26/H26) | K26: =EDATE(K25,1) -> 693963 | L26: Enero | M26: =IFERROR(IF(ISBLANK(VLOOKUP($K26,'S-3'!$A:$K,COLUMN('S-3'!G$5),FALSE)),"",VLOOKUP($K26,'S-3'!$A:$K,COLUMN('S-3'!G$5),FALSE)),"") | N26: =IFERROR(IF(ISBLANK(VLOOKUP($K26,'S-3'!$A:$K,COLUMN('S-3'!H$5),FALSE)),"",VLOOKUP($K26,'S-3'!$A:$K,COLUMN('S-3'!H$5),FALSE)),"") | O26: =IFERROR(IF(ISBLANK(VLOOKUP($K26,'S-3'!$A:$K,COLUMN('S-3'!I$5),FALSE)),"",VLOOKUP($K26,'S-3'!$A:$K,COLUMN('S-3'!I$5),FALSE)),"") | P26: =IFERROR(IF(ISBLANK(VLOOKUP($K26,'S-3'!$A:$K,COLUMN('S-3'!J$5),FALSE)),"",VLOOKUP($K26,'S-3'!$A:$K,COLUMN('S-3'!J$5),FALSE)),"") | Q26: =IFERROR(IF(ISBLANK(VLOOKUP($K26,'S-3'!$A:$K,COLUMN('S-3'!K$5),FALSE)),"",VLOOKUP($K26,'S-3'!$A:$K,COLUMN('S-3'!K$5),FALSE)),"") | R26: =IF(COUNT(M26:Q26)=0,"",COUNT(M26:Q26)) | S26: =IF(R26="","",SUM(M26:Q26)) | T26: =IF(R26="","",S26/R26)
A27: =EDATE(A26,1) -> 693629 | B27: Febrero | C27: =IFERROR(IF(ISBLANK(VLOOKUP($A27,'S-3'!$A:$K,COLUMN('S-3'!G$5),FALSE)),"",VLOOKUP($A27,'S-3'!$A:$K,COLUMN('S-3'!G$5),FALSE)),"") | D27: =IFERROR(IF(ISBLANK(VLOOKUP($A27,'S-3'!$A:$K,COLUMN('S-3'!H$5),FALSE)),"",VLOOKUP($A27,'S-3'!$A:$K,COLUMN('S-3'!H$5),FALSE)),"") | E27: =IFERROR(IF(ISBLANK(VLOOKUP($A27,'S-3'!$A:$K,COLUMN('S-3'!I$5),FALSE)),"",VLOOKUP($A27,'S-3'!$A:$K,COLUMN('S-3'!I$5),FALSE)),"") | F27: =IFERROR(IF(ISBLANK(VLOOKUP($A27,'S-3'!$A:$K,COLUMN('S-3'!J$5),FALSE)),"",VLOOKUP($A27,'S-3'!$A:$K,COLUMN('S-3'!J$5),FALSE)),"") | G27: =IFERROR(IF(ISBLANK(VLOOKUP($A27,'S-3'!$A:$K,COLUMN('S-3'!K$5),FALSE)),"",VLOOKUP($A27,'S-3'!$A:$K,COLUMN('S-3'!K$5),FALSE)),"") | H27: =IF(COUNT(C27:G27)=0,"",COUNT(C27:G27)) | I27: =IF(H27="","",SUM(C27:G27)) | J27: =IF(H27="","",I27/H27) | K27: =EDATE(K26,1) -> 693994 | L27: Febrero | M27: =IFERROR(IF(ISBLANK(VLOOKUP($K27,'S-3'!$A:$K,COLUMN('S-3'!G$5),FALSE)),"",VLOOKUP($K27,'S-3'!$A:$K,COLUMN('S-3'!G$5),FALSE)),"") | N27: =IFERROR(IF(ISBLANK(VLOOKUP($K27,'S-3'!$A:$K,COLUMN('S-3'!H$5),FALSE)),"",VLOOKUP($K27,'S-3'!$A:$K,COLUMN('S-3'!H$5),FALSE)),"") | O27: =IFERROR(IF(ISBLANK(VLOOKUP($K27,'S-3'!$A:$K,COLUMN('S-3'!I$5),FALSE)),"",VLOOKUP($K27,'S-3'!$A:$K,COLUMN('S-3'!I$5),FALSE)),"") | P27: =IFERROR(IF(ISBLANK(VLOOKUP($K27,'S-3'!$A:$K,COLUMN('S-3'!J$5),FALSE)),"",VLOOKUP($K27,'S-3'!$A:$K,COLUMN('S-3'!J$5),FALSE)),"") | Q27: =IFERROR(IF(ISBLANK(VLOOKUP($K27,'S-3'!$A:$K,COLUMN('S-3'!K$5),FALSE)),"",VLOOKUP($K27,'S-3'!$A:$K,COLUMN('S-3'!K$5),FALSE)),"") | R27: =IF(COUNT(M27:Q27)=0,"",COUNT(M27:Q27)) | S27: =IF(R27="","",SUM(M27:Q27)) | T27: =IF(R27="","",S27/R27)
A28: =EDATE(A27,1) -> 693657 | B28: Marzo | C28: =IFERROR(IF(ISBLANK(VLOOKUP($A28,'S-3'!$A:$K,COLUMN('S-3'!G$5),FALSE)),"",VLOOKUP($A28,'S-3'!$A:$K,COLUMN('S-3'!G$5),FALSE)),"") | D28: =IFERROR(IF(ISBLANK(VLOOKUP($A28,'S-3'!$A:$K,COLUMN('S-3'!H$5),FALSE)),"",VLOOKUP($A28,'S-3'!$A:$K,COLUMN('S-3'!H$5),FALSE)),"") | E28: =IFERROR(IF(ISBLANK(VLOOKUP($A28,'S-3'!$A:$K,COLUMN('S-3'!I$5),FALSE)),"",VLOOKUP($A28,'S-3'!$A:$K,COLUMN('S-3'!I$5),FALSE)),"") | F28: =IFERROR(IF(ISBLANK(VLOOKUP($A28,'S-3'!$A:$K,COLUMN('S-3'!J$5),FALSE)),"",VLOOKUP($A28,'S-3'!$A:$K,COLUMN('S-3'!J$5),FALSE)),"") | G28: =IFERROR(IF(ISBLANK(VLOOKUP($A28,'S-3'!$A:$K,COLUMN('S-3'!K$5),FALSE)),"",VLOOKUP($A28,'S-3'!$A:$K,COLUMN('S-3'!K$5),FALSE)),"") | H28: =IF(COUNT(C28:G28)=0,"",COUNT(C28:G28)) | I28: =IF(H28="","",SUM(C28:G28)) | J28: =IF(H28="","",I28/H28) | K28: =EDATE(K27,1) -> 694022 | L28: Marzo | M28: =IFERROR(IF(ISBLANK(VLOOKUP($K28,'S-3'!$A:$K,COLUMN('S-3'!G$5),FALSE)),"",VLOOKUP($K28,'S-3'!$A:$K,COLUMN('S-3'!G$5),FALSE)),"") | N28: =IFERROR(IF(ISBLANK(VLOOKUP($K28,'S-3'!$A:$K,COLUMN('S-3'!H$5),FALSE)),"",VLOOKUP($K28,'S-3'!$A:$K,COLUMN('S-3'!H$5),FALSE)),"") | O28: =IFERROR(IF(ISBLANK(VLOOKUP($K28,'S-3'!$A:$K,COLUMN('S-3'!I$5),FALSE)),"",VLOOKUP($K28,'S-3'!$A:$K,COLUMN('S-3'!I$5),FALSE)),"") | P28: =IFERROR(IF(ISBLANK(VLOOKUP($K28,'S-3'!$A:$K,COLUMN('S-3'!J$5),FALSE)),"",VLOOKUP($K28,'S-3'!$A:$K,COLUMN('S-3'!J$5),FALSE)),"") | Q28: =IFERROR(IF(ISBLANK(VLOOKUP($K28,'S-3'!$A:$K,COLUMN('S-3'!K$5),FALSE)),"",VLOOKUP($K28,'S-3'!$A:$K,COLUMN('S-3'!K$5),FALSE)),"") | R28: =IF(COUNT(M28:Q28)=0,"",COUNT(M28:Q28)) | S28: =IF(R28="","",SUM(M28:Q28)) | T28: =IF(R28="","",S28/R28)
A29: =EDATE(A28,1) -> 693688 | B29: Abril | C29: =IFERROR(IF(ISBLANK(VLOOKUP($A29,'S-3'!$A:$K,COLUMN('S-3'!G$5),FALSE)),"",VLOOKUP($A29,'S-3'!$A:$K,COLUMN('S-3'!G$5),FALSE)),"") | D29: =IFERROR(IF(ISBLANK(VLOOKUP($A29,'S-3'!$A:$K,COLUMN('S-3'!H$5),FALSE)),"",VLOOKUP($A29,'S-3'!$A:$K,COLUMN('S-3'!H$5),FALSE)),"") | E29: =IFERROR(IF(ISBLANK(VLOOKUP($A29,'S-3'!$A:$K,COLUMN('S-3'!I$5),FALSE)),"",VLOOKUP($A29,'S-3'!$A:$K,COLUMN('S-3'!I$5),FALSE)),"") | F29: =IFERROR(IF(ISBLANK(VLOOKUP($A29,'S-3'!$A:$K,COLUMN('S-3'!J$5),FALSE)),"",VLOOKUP($A29,'S-3'!$A:$K,COLUMN('S-3'!J$5),FALSE)),"") | G29: =IFERROR(IF(ISBLANK(VLOOKUP($A29,'S-3'!$A:$K,COLUMN('S-3'!K$5),FALSE)),"",VLOOKUP($A29,'S-3'!$A:$K,COLUMN('S-3'!K$5),FALSE)),"") | H29: =IF(COUNT(C29:G29)=0,"",COUNT(C29:G29)) | I29: =IF(H29="","",SUM(C29:G29)) | J29: =IF(H29="","",I29/H29) | K29: =EDATE(K28,1) -> 694053 | L29: Abril | M29: =IFERROR(IF(ISBLANK(VLOOKUP($K29,'S-3'!$A:$K,COLUMN('S-3'!G$5),FALSE)),"",VLOOKUP($K29,'S-3'!$A:$K,COLUMN('S-3'!G$5),FALSE)),"") | N29: =IFERROR(IF(ISBLANK(VLOOKUP($K29,'S-3'!$A:$K,COLUMN('S-3'!H$5),FALSE)),"",VLOOKUP($K29,'S-3'!$A:$K,COLUMN('S-3'!H$5),FALSE)),"") | O29: =IFERROR(IF(ISBLANK(VLOOKUP($K29,'S-3'!$A:$K,COLUMN('S-3'!I$5),FALSE)),"",VLOOKUP($K29,'S-3'!$A:$K,COLUMN('S-3'!I$5),FALSE)),"") | P29: =IFERROR(IF(ISBLANK(VLOOKUP($K29,'S-3'!$A:$K,COLUMN('S-3'!J$5),FALSE)),"",VLOOKUP($K29,'S-3'!$A:$K,COLUMN('S-3'!J$5),FALSE)),"") | Q29: =IFERROR(IF(ISBLANK(VLOOKUP($K29,'S-3'!$A:$K,COLUMN('S-3'!K$5),FALSE)),"",VLOOKUP($K29,'S-3'!$A:$K,COLUMN('S-3'!K$5),FALSE)),"") | R29: =IF(COUNT(M29:Q29)=0,"",COUNT(M29:Q29)) | S29: =IF(R29="","",SUM(M29:Q29)) | T29: =IF(R29="","",S29/R29)
A30: =EDATE(A29,1) -> 693718 | B30: Mayo | C30: =IFERROR(IF(ISBLANK(VLOOKUP($A30,'S-3'!$A:$K,COLUMN('S-3'!G$5),FALSE)),"",VLOOKUP($A30,'S-3'!$A:$K,COLUMN('S-3'!G$5),FALSE)),"") | D30: =IFERROR(IF(ISBLANK(VLOOKUP($A30,'S-3'!$A:$K,COLUMN('S-3'!H$5),FALSE)),"",VLOOKUP($A30,'S-3'!$A:$K,COLUMN('S-3'!H$5),FALSE)),"") | E30: =IFERROR(IF(ISBLANK(VLOOKUP($A30,'S-3'!$A:$K,COLUMN('S-3'!I$5),FALSE)),"",VLOOKUP($A30,'S-3'!$A:$K,COLUMN('S-3'!I$5),FALSE)),"") | F30: =IFERROR(IF(ISBLANK(VLOOKUP($A30,'S-3'!$A:$K,COLUMN('S-3'!J$5),FALSE)),"",VLOOKUP($A30,'S-3'!$A:$K,COLUMN('S-3'!J$5),FALSE)),"") | G30: =IFERROR(IF(ISBLANK(VLOOKUP($A30,'S-3'!$A:$K,COLUMN('S-3'!K$5),FALSE)),"",VLOOKUP($A30,'S-3'!$A:$K,COLUMN('S-3'!K$5),FALSE)),"") | H30: =IF(COUNT(C30:G30)=0,"",COUNT(C30:G30)) | I30: =IF(H30="","",SUM(C30:G30)) | J30: =IF(H30="","",I30/H30) | K30: =EDATE(K29,1) -> 694083 | L30: Mayo | M30: =IFERROR(IF(ISBLANK(VLOOKUP($K30,'S-3'!$A:$K,COLUMN('S-3'!G$5),FALSE)),"",VLOOKUP($K30,'S-3'!$A:$K,COLUMN('S-3'!G$5),FALSE)),"") | N30: =IFERROR(IF(ISBLANK(VLOOKUP($K30,'S-3'!$A:$K,COLUMN('S-3'!H$5),FALSE)),"",VLOOKUP($K30,'S-3'!$A:$K,COLUMN('S-3'!H$5),FALSE)),"") | O30: =IFERROR(IF(ISBLANK(VLOOKUP($K30,'S-3'!$A:$K,COLUMN('S-3'!I$5),FALSE)),"",VLOOKUP($K30,'S-3'!$A:$K,COLUMN('S-3'!I$5),FALSE)),"") | P30: =IFERROR(IF(ISBLANK(VLOOKUP($K30,'S-3'!$A:$K,COLUMN('S-3'!J$5),FALSE)),"",VLOOKUP($K30,'S-3'!$A:$K,COLUMN('S-3'!J$5),FALSE)),"") | Q30: =IFERROR(IF(ISBLANK(VLOOKUP($K30,'S-3'!$A:$K,COLUMN('S-3'!K$5),FALSE)),"",VLOOKUP($K30,'S-3'!$A:$K,COLUMN('S-3'!K$5),FALSE)),"") | R30: =IF(COUNT(M30:Q30)=0,"",COUNT(M30:Q30)) | S30: =IF(R30="","",SUM(M30:Q30)) | T30: =IF(R30="","",S30/R30)
A31: =EDATE(A30,1) -> 693749 | B31: Junio | C31: =IFERROR(IF(ISBLANK(VLOOKUP($A31,'S-3'!$A:$K,COLUMN('S-3'!G$5),FALSE)),"",VLOOKUP($A31,'S-3'!$A:$K,COLUMN('S-3'!G$5),FALSE)),"") | D31: =IFERROR(IF(ISBLANK(VLOOKUP($A31,'S-3'!$A:$K,COLUMN('S-3'!H$5),FALSE)),"",VLOOKUP($A31,'S-3'!$A:$K,COLUMN('S-3'!H$5),FALSE)),"") | E31: =IFERROR(IF(ISBLANK(VLOOKUP($A31,'S-3'!$A:$K,COLUMN('S-3'!I$5),FALSE)),"",VLOOKUP($A31,'S-3'!$A:$K,COLUMN('S-3'!I$5),FALSE)),"") | F31: =IFERROR(IF(ISBLANK(VLOOKUP($A31,'S-3'!$A:$K,COLUMN('S-3'!J$5),FALSE)),"",VLOOKUP($A31,'S-3'!$A:$K,COLUMN('S-3'!J$5),FALSE)),"") | G31: =IFERROR(IF(ISBLANK(VLOOKUP($A31,'S-3'!$A:$K,COLUMN('S-3'!K$5),FALSE)),"",VLOOKUP($A31,'S-3'!$A:$K,COLUMN('S-3'!K$5),FALSE)),"") | H31: =IF(COUNT(C31:G31)=0,"",COUNT(C31:G31)) | I31: =IF(H31="","",SUM(C31:G31)) | J31: =IF(H31="","",I31/H31) | K31: =EDATE(K30,1) -> 694114 | L31: Junio | M31: =IFERROR(IF(ISBLANK(VLOOKUP($K31,'S-3'!$A:$K,COLUMN('S-3'!G$5),FALSE)),"",VLOOKUP($K31,'S-3'!$A:$K,COLUMN('S-3'!G$5),FALSE)),"") | N31: =IFERROR(IF(ISBLANK(VLOOKUP($K31,'S-3'!$A:$K,COLUMN('S-3'!H$5),FALSE)),"",VLOOKUP($K31,'S-3'!$A:$K,COLUMN('S-3'!H$5),FALSE)),"") | O31: =IFERROR(IF(ISBLANK(VLOOKUP($K31,'S-3'!$A:$K,COLUMN('S-3'!I$5),FALSE)),"",VLOOKUP($K31,'S-3'!$A:$K,COLUMN('S-3'!I$5),FALSE)),"") | P31: =IFERROR(IF(ISBLANK(VLOOKUP($K31,'S-3'!$A:$K,COLUMN('S-3'!J$5),FALSE)),"",VLOOKUP($K31,'S-3'!$A:$K,COLUMN('S-3'!J$5),FALSE)),"") | Q31: =IFERROR(IF(ISBLANK(VLOOKUP($K31,'S-3'!$A:$K,COLUMN('S-3'!K$5),FALSE)),"",VLOOKUP($K31,'S-3'!$A:$K,COLUMN('S-3'!K$5),FALSE)),"") | R31: =IF(COUNT(M31:Q31)=0,"",COUNT(M31:Q31)) | S31: =IF(R31="","",SUM(M31:Q31)) | T31: =IF(R31="","",S31/R31)
A32: =EDATE(A31,1) -> 693779 | B32: Julio | C32: =IFERROR(IF(ISBLANK(VLOOKUP($A32,'S-3'!$A:$K,COLUMN('S-3'!G$5),FALSE)),"",VLOOKUP($A32,'S-3'!$A:$K,COLUMN('S-3'!G$5),FALSE)),"") | D32: =IFERROR(IF(ISBLANK(VLOOKUP($A32,'S-3'!$A:$K,COLUMN('S-3'!H$5),FALSE)),"",VLOOKUP($A32,'S-3'!$A:$K,COLUMN('S-3'!H$5),FALSE)),"") | E32: =IFERROR(IF(ISBLANK(VLOOKUP($A32,'S-3'!$A:$K,COLUMN('S-3'!I$5),FALSE)),"",VLOOKUP($A32,'S-3'!$A:$K,COLUMN('S-3'!I$5),FALSE)),"") | F32: =IFERROR(IF(ISBLANK(VLOOKUP($A32,'S-3'!$A:$K,COLUMN('S-3'!J$5),FALSE)),"",VLOOKUP($A32,'S-3'!$A:$K,COLUMN('S-3'!J$5),FALSE)),"") | G32: =IFERROR(IF(ISBLANK(VLOOKUP($A32,'S-3'!$A:$K,COLUMN('S-3'!K$5),FALSE)),"",VLOOKUP($A32,'S-3'!$A:$K,COLUMN('S-3'!K$5),FALSE)),"") | H32: =IF(COUNT(C32:G32)=0,"",COUNT(C32:G32)) | I32: =IF(H32="","",SUM(C32:G32)) | J32: =IF(H32="","",I32/H32) | K32: =EDATE(K31,1) -> 694144 | L32: Julio | M32: =IFERROR(IF(ISBLANK(VLOOKUP($K32,'S-3'!$A:$K,COLUMN('S-3'!G$5),FALSE)),"",VLOOKUP($K32,'S-3'!$A:$K,COLUMN('S-3'!G$5),FALSE)),"") | N32: =IFERROR(IF(ISBLANK(VLOOKUP($K32,'S-3'!$A:$K,COLUMN('S-3'!H$5),FALSE)),"",VLOOKUP($K32,'S-3'!$A:$K,COLUMN('S-3'!H$5),FALSE)),"") | O32: =IFERROR(IF(ISBLANK(VLOOKUP($K32,'S-3'!$A:$K,COLUMN('S-3'!I$5),FALSE)),"",VLOOKUP($K32,'S-3'!$A:$K,COLUMN('S-3'!I$5),FALSE)),"") | P32: =IFERROR(IF(ISBLANK(VLOOKUP($K32,'S-3'!$A:$K,COLUMN('S-3'!J$5),FALSE)),"",VLOOKUP($K32,'S-3'!$A:$K,COLUMN('S-3'!J$5),FALSE)),"") | Q32: =IFERROR(IF(ISBLANK(VLOOKUP($K32,'S-3'!$A:$K,COLUMN('S-3'!K$5),FALSE)),"",VLOOKUP($K32,'S-3'!$A:$K,COLUMN('S-3'!K$5),FALSE)),"") | R32: =IF(COUNT(M32:Q32)=0,"",COUNT(M32:Q32)) | S32: =IF(R32="","",SUM(M32:Q32)) | T32: =IF(R32="","",S32/R32)
A33: =EDATE(A32,1) -> 693810 | B33: Agosto | C33: =IFERROR(IF(ISBLANK(VLOOKUP($A33,'S-3'!$A:$K,COLUMN('S-3'!G$5),FALSE)),"",VLOOKUP($A33,'S-3'!$A:$K,COLUMN('S-3'!G$5),FALSE)),"") | D33: =IFERROR(IF(ISBLANK(VLOOKUP($A33,'S-3'!$A:$K,COLUMN('S-3'!H$5),FALSE)),"",VLOOKUP($A33,'S-3'!$A:$K,COLUMN('S-3'!H$5),FALSE)),"") | E33: =IFERROR(IF(ISBLANK(VLOOKUP($A33,'S-3'!$A:$K,COLUMN('S-3'!I$5),FALSE)),"",VLOOKUP($A33,'S-3'!$A:$K,COLUMN('S-3'!I$5),FALSE)),"") | F33: =IFERROR(IF(ISBLANK(VLOOKUP($A33,'S-3'!$A:$K,COLUMN('S-3'!J$5),FALSE)),"",VLOOKUP($A33,'S-3'!$A:$K,COLUMN('S-3'!J$5),FALSE)),"") | G33: =IFERROR(IF(ISBLANK(VLOOKUP($A33,'S-3'!$A:$K,COLUMN('S-3'!K$5),FALSE)),"",VLOOKUP($A33,'S-3'!$A:$K,COLUMN('S-3'!K$5),FALSE)),"") | H33: =IF(COUNT(C33:G33)=0,"",COUNT(C33:G33)) | I33: =IF(H33="","",SUM(C33:G33)) | J33: =IF(H33="","",I33/H33) | K33: =EDATE(K32,1) -> 694175 | L33: Agosto | M33: =IFERROR(IF(ISBLANK(VLOOKUP($K33,'S-3'!$A:$K,COLUMN('S-3'!G$5),FALSE)),"",VLOOKUP($K33,'S-3'!$A:$K,COLUMN('S-3'!G$5),FALSE)),"") | N33: =IFERROR(IF(ISBLANK(VLOOKUP($K33,'S-3'!$A:$K,COLUMN('S-3'!H$5),FALSE)),"",VLOOKUP($K33,'S-3'!$A:$K,COLUMN('S-3'!H$5),FALSE)),"") | O33: =IFERROR(IF(ISBLANK(VLOOKUP($K33,'S-3'!$A:$K,COLUMN('S-3'!I$5),FALSE)),"",VLOOKUP($K33,'S-3'!$A:$K,COLUMN('S-3'!I$5),FALSE)),"") | P33: =IFERROR(IF(ISBLANK(VLOOKUP($K33,'S-3'!$A:$K,COLUMN('S-3'!J$5),FALSE)),"",VLOOKUP($K33,'S-3'!$A:$K,COLUMN('S-3'!J$5),FALSE)),"") | Q33: =IFERROR(IF(ISBLANK(VLOOKUP($K33,'S-3'!$A:$K,COLUMN('S-3'!K$5),FALSE)),"",VLOOKUP($K33,'S-3'!$A:$K,COLUMN('S-3'!K$5),FALSE)),"") | R33: =IF(COUNT(M33:Q33)=0,"",COUNT(M33:Q33)) | S33: =IF(R33="","",SUM(M33:Q33)) | T33: =IF(R33="","",S33/R33)
B34: Promedio de asistencia mensual | J34: =AVERAGE(J22:J33) -> #DIV/0! | L34: Promedio de asistencia mensual | T34: =AVERAGE(T22:T33) -> #DIV/0!
B36: S-88-S 12/18

Sheet S-3
B1: Asistencias
B2: ES | G2: FS
B3: 1 | C3: 2 | D3: 3 | E3: 4 | F3: 5 | G3: 1 | H3: 2 | I3: 3 | J3: 4 | K3: 5
B4: Reunión de entresemana | G4: Reunión del fin de semana
A5: Mes | B5: Primera Semana | C5: Segunda Semana | D5: Tercera Semana | E5: Cuarta Semana | F5: Quinta Semana | G5: Primera Semana | H5: Segunda Semana | I5: Tercera Semana | J5: Cuarta Semana | K5: Quinta Semana
A6: 45536 | B6: =IFERROR(IF(ISBLANK(VLOOKUP(TEXT($A6,"aaaa-mm")&"_"&$B$2&"_"&B$3,tblAsistencias[],6,FALSE)), "", VLOOKUP(TEXT($A6,"aaaa-mm")&"_"&$B$2&"_"&B$3,tblAsistencias[],6,FALSE)), "") | C6: =IFERROR(IF(ISBLANK(VLOOKUP(TEXT($A6,"aaaa-mm")&"_"&$B$2&"_"&C$3,tblAsistencias[],6,FALSE)), "", VLOOKUP(TEXT($A6,"aaaa-mm")&"_"&$B$2&"_"&C$3,tblAsistencias[],6,FALSE)), "") | D6: =IFERROR(IF(ISBLANK(VLOOKUP(TEXT($A6,"aaaa-mm")&"_"&$B$2&"_"&D$3,tblAsistencias[],6,FALSE)), "", VLOOKUP(TEXT($A6,"aaaa-mm")&"_"&$B$2&"_"&D$3,tblAsistencias[],6,FALSE)), "") | E6: =IFERROR(IF(ISBLANK(VLOOKUP(TEXT($A6,"aaaa-mm")&"_"&$B$2&"_"&E$3,tblAsistencias[],6,FALSE)), "", VLOOKUP(TEXT($A6,"aaaa-mm")&"_"&$B$2&"_"&E$3,tblAsistencias[],6,FALSE)), "") | F6: =IFERROR(IF(ISBLANK(VLOOKUP(TEXT($A6,"aaaa-mm")&"_"&$B$2&"_"&F$3,tblAsistencias[],6,FALSE)), "", VLOOKUP(TEXT($A6,"aaaa-mm")&"_"&$B$2&"_"&F$3,tblAsistencias[],6,FALSE)), "") | G6: =IFERROR(IF(ISBLANK(VLOOKUP(TEXT($A6,"aaaa-mm")&"_"&$G$2&"_"&G$3,tblAsistencias[],6,FALSE)), "", VLOOKUP(TEXT($A6,"aaaa-mm")&"_"&$G$2&"_"&G$3,tblAsistencias[],6,FALSE)), "") | H6: =IFERROR(IF(ISBLANK(VLOOKUP(TEXT($A6,"aaaa-mm")&"_"&$G$2&"_"&H$3,tblAsistencias[],6,FALSE)), "", VLOOKUP(TEXT($A6,"aaaa-mm")&"_"&$G$2&"_"&H$3,tblAsistencias[],6,FALSE)), "") | I6: =IFERROR(IF(ISBLANK(VLOOKUP(TEXT($A6,"aaaa-mm")&"_"&$G$2&"_"&I$3,tblAsistencias[],6,FALSE)), "", VLOOKUP(TEXT($A6,"aaaa-mm")&"_"&$G$2&"_"&I$3,tblAsistencias[],6,FALSE)), "") | J6: =IFERROR(IF(ISBLANK(VLOOKUP(TEXT($A6,"aaaa-mm")&"_"&$G$2&"_"&J$3,tblAsistencias[],6,FALSE)), "", VLOOKUP(TEXT($A6,"aaaa-mm")&"_"&$G$2&"_"&J$3,tblAsistencias[],6,FALSE)), "") | K6: =IFERROR(IF(ISBLANK(VLOOKUP(TEXT($A6,"aaaa-mm")&"_"&$G$2&"_"&K$3,tblAsistencias[],6,FALSE)), "", VLOOKUP(TEXT($A6,"aaaa-mm")&"_"&$G$2&"_"&K$3,tblAsistencias[],6,FALSE)), "")
A7: 45566 | B7: =IFERROR(IF(ISBLANK(VLOOKUP(TEXT($A7,"aaaa-mm")&"_"&$B$2&"_"&B$3,tblAsistencias[],6,FALSE)), "", VLOOKUP(TEXT($A7,"aaaa-mm")&"_"&$B$2&"_"&B$3,tblAsistencias[],6,FALSE)), "") | C7: =IFERROR(IF(ISBLANK(VLOOKUP(TEXT($A7,"aaaa-mm")&"_"&$B$2&"_"&C$3,tblAsistencias[],6,FALSE)), "", VLOOKUP(TEXT($A7,"aaaa-mm")&"_"&$B$2&"_"&C$3,tblAsistencias[],6,FALSE)), "") | D7: =IFERROR(IF(ISBLANK(VLOOKUP(TEXT($A7,"aaaa-mm")&"_"&$B$2&"_"&D$3,tblAsistencias[],6,FALSE)), "", VLOOKUP(TEXT($A7,"aaaa-mm")&"_"&$B$2&"_"&D$3,tblAsistencias[],6,FALSE)), "") | E7: =IFERROR(IF(ISBLANK(VLOOKUP(TEXT($A7,"aaaa-mm")&"_"&$B$2&"_"&E$3,tblAsistencias[],6,FALSE)), "", VLOOKUP(TEXT($A7,"aaaa-mm")&"_"&$B$2&"_"&E$3,tblAsistencias[],6,FALSE)), "") | F7: =IFERROR(IF(ISBLANK(VLOOKUP(TEXT($A7,"aaaa-mm")&"_"&$B$2&"_"&F$3,tblAsistencias[],6,FALSE)), "", VLOOKUP(TEXT($A7,"aaaa-mm")&"_"&$B$2&"_"&F$3,tblAsistencias[],6,FALSE)), "") | G7: =IFERROR(IF(ISBLANK(VLOOKUP(TEXT($A7,"aaaa-mm")&"_"&$G$2&"_"&G$3,tblAsistencias[],6,FALSE)), "", VLOOKUP(TEXT($A7,"aaaa-mm")&"_"&$G$2&"_"&G$3,tblAsistencias[],6,FALSE)), "") | H7: =IFERROR(IF(ISBLANK(VLOOKUP(TEXT($A7,"aaaa-mm")&"_"&$G$2&"_"&H$3,tblAsistencias[],6,FALSE)), "", VLOOKUP(TEXT($A7,"aaaa-mm")&"_"&$G$2&"_"&H$3,tblAsistencias[],6,FALSE)), "") | I7: =IFERROR(IF(ISBLANK(VLOOKUP(TEXT($A7,"aaaa-mm")&"_"&$G$2&"_"&I$3,tblAsistencias[],6,FALSE)), "", VLOOKUP(TEXT($A7,"aaaa-mm")&"_"&$G$2&"_"&I$3,tblAsistencias[],6,FALSE)), "") | J7: =IFERROR(IF(ISBLANK(VLOOKUP(TEXT($A7,"aaaa-mm")&"_"&$G$2&"_"&J$3,tblAsistencias[],6,FALSE)), "", VLOOKUP(TEXT($A7,"aaaa-mm")&"_"&$G$2&"_"&J$3,tblAsistencias[],6,FALSE)), "") | K7: =IFERROR(IF(ISBLANK(VLOOKUP(TEXT($A7,"aaaa-mm")&"_"&$G$2&"_"&K$3,tblAsistencias[],6,FALSE)), "", VLOOKUP(TEXT($A7,"aaaa-mm")&"_"&$G$2&"_"&K$3,tblAsistencias[],6,FALSE)), "")
A8: 45597 | B8: =IFERROR(IF(ISBLANK(VLOOKUP(TEXT($A8,"aaaa-mm")&"_"&$B$2&"_"&B$3,tblAsistencias[],6,FALSE)), VLOOKUP(TEXT($A8,"aaaa-mm")&"_"&$B$2&"_"&B$3,tblAsistencias[],7,FALSE), VLOOKUP(TEXT($A8,"aaaa-mm")&"_"&$B$2&"_"&B$3,tblAsistencias[],6,FALSE)), "") | C8: =IFERROR(IF(ISBLANK(VLOOKUP(TEXT($A8,"aaaa-mm")&"_"&$B$2&"_"&C$3,tblAsistencias[],6,FALSE)), VLOOKUP(TEXT($A8,"aaaa-mm")&"_"&$B$2&"_"&C$3,tblAsistencias[],7,FALSE), VLOOKUP(TEXT($A8,"aaaa-mm")&"_"&$B$2&"_"&C$3,tblAsistencias[],6,FALSE)), "") | D8: =IFERROR(IF(ISBLANK(VLOOKUP(TEXT($A8,"aaaa-mm")&"_"&$B$2&"_"&D$3,tblAsistencias[],6,FALSE)), VLOOKUP(TEXT($A8,"aaaa-mm")&"_"&$B$2&"_"&D$3,tblAsistencias[],7,FALSE), VLOOKUP(TEXT($A8,"aaaa-mm")&"_"&$B$2&"_"&D$3,tblAsistencias[],6,FALSE)), "") | E8: =IFERROR(IF(ISBLANK(VLOOKUP(TEXT($A8,"aaaa-mm")&"_"&$B$2&"_"&E$3,tblAsistencias[],6,FALSE)), VLOOKUP(TEXT($A8,"aaaa-mm")&"_"&$B$2&"_"&E$3,tblAsistencias[],7,FALSE), VLOOKUP(TEXT($A8,"aaaa-mm")&"_"&$B$2&"_"&E$3,tblAsistencias[],6,FALSE)), "") | F8: =IFERROR(IF(ISBLANK(VLOOKUP(TEXT($A8,"aaaa-mm")&"_"&$B$2&"_"&F$3,tblAsistencias[],6,FALSE)), VLOOKUP(TEXT($A8,"aaaa-mm")&"_"&$B$2&"_"&F$3,tblAsistencias[],7,FALSE), VLOOKUP(TEXT($A8,"aaaa-mm")&"_"&$B$2&"_"&F$3,tblAsistencias[],6,FALSE)), "") | G8: =IFERROR(IF(ISBLANK(VLOOKUP(TEXT($A8,"aaaa-mm")&"_"&$G$2&"_"&G$3,tblAsistencias[],6,FALSE)), VLOOKUP(TEXT($A8,"aaaa-mm")&"_"&$G$2&"_"&G$3,tblAsistencias[],7,FALSE), VLOOKUP(TEXT($A8,"aaaa-mm")&"_"&$G$2&"_"&G$3,tblAsistencias[],6,FALSE)), "") | H8: =IFERROR(IF(ISBLANK(VLOOKUP(TEXT($A8,"aaaa-mm")&"_"&$G$2&"_"&H$3,tblAsistencias[],6,FALSE)), VLOOKUP(TEXT($A8,"aaaa-mm")&"_"&$G$2&"_"&H$3,tblAsistencias[],7,FALSE), VLOOKUP(TEXT($A8,"aaaa-mm")&"_"&$G$2&"_"&H$3,tblAsistencias[],6,FALSE)), "") | I8: =IFERROR(IF(ISBLANK(VLOOKUP(TEXT($A8,"aaaa-mm")&"_"&$G$2&"_"&I$3,tblAsistencias[],6,FALSE)), VLOOKUP(TEXT($A8,"aaaa-mm")&"_"&$G$2&"_"&I$3,tblAsistencias[],7,FALSE), VLOOKUP(TEXT($A8,"aaaa-mm")&"_"&$G$2&"_"&I$3,tblAsistencias[],6,FALSE)), "") | J8: =IFERROR(IF(ISBLANK(VLOOKUP(TEXT($A8,"aaaa-mm")&"_"&$G$2&"_"&J$3,tblAsistencias[],6,FALSE)), VLOOKUP(TEXT($A8,"aaaa-mm")&"_"&$G$2&"_"&J$3,tblAsistencias[],7,FALSE), VLOOKUP(TEXT($A8,"aaaa-mm")&"_"&$G$2&"_"&J$3,tblAsistencias[],6,FALSE)), "") | K8: =IFERROR(IF(ISBLANK(VLOOKUP(TEXT($A8,"aaaa-mm")&"_"&$G$2&"_"&K$3,tblAsistencias[],6,FALSE)), VLOOKUP(TEXT($A8,"aaaa-mm")&"_"&$G$2&"_"&K$3,tblAsistencias[],7,FALSE), VLOOKUP(TEXT($A8,"aaaa-mm")&"_"&$G$2&"_"&K$3,tblAsistencias[],6,FALSE)), "")
A9: 45627 | B9: =IFERROR(IF(ISBLANK(VLOOKUP(TEXT($A9,"aaaa-mm")&"_"&$B$2&"_"&B$3,tblAsistencias[],6,FALSE)), VLOOKUP(TEXT($A9,"aaaa-mm")&"_"&$B$2&"_"&B$3,tblAsistencias[],7,FALSE), VLOOKUP(TEXT($A9,"aaaa-mm")&"_"&$B$2&"_"&B$3,tblAsistencias[],6,FALSE)), "") | C9: =IFERROR(IF(ISBLANK(VLOOKUP(TEXT($A9,"aaaa-mm")&"_"&$B$2&"_"&C$3,tblAsistencias[],6,FALSE)), VLOOKUP(TEXT($A9,"aaaa-mm")&"_"&$B$2&"_"&C$3,tblAsistencias[],7,FALSE), VLOOKUP(TEXT($A9,"aaaa-mm")&"_"&$B$2&"_"&C$3,tblAsistencias[],6,FALSE)), "") | D9: =IFERROR(IF(ISBLANK(VLOOKUP(TEXT($A9,"aaaa-mm")&"_"&$B$2&"_"&D$3,tblAsistencias[],6,FALSE)), VLOOKUP(TEXT($A9,"aaaa-mm")&"_"&$B$2&"_"&D$3,tblAsistencias[],7,FALSE), VLOOKUP(TEXT($A9,"aaaa-mm")&"_"&$B$2&"_"&D$3,tblAsistencias[],6,FALSE)), "") | E9: =IFERROR(IF(ISBLANK(VLOOKUP(TEXT($A9,"aaaa-mm")&"_"&$B$2&"_"&E$3,tblAsistencias[],6,FALSE)), VLOOKUP(TEXT($A9,"aaaa-mm")&"_"&$B$2&"_"&E$3,tblAsistencias[],7,FALSE), VLOOKUP(TEXT($A9,"aaaa-mm")&"_"&$B$2&"_"&E$3,tblAsistencias[],6,FALSE)), "") | F9: =IFERROR(IF(ISBLANK(VLOOKUP(TEXT($A9,"aaaa-mm")&"_"&$B$2&"_"&F$3,tblAsistencias[],6,FALSE)), VLOOKUP(TEXT($A9,"aaaa-mm")&"_"&$B$2&"_"&F$3,tblAsistencias[],7,FALSE), VLOOKUP(TEXT($A9,"aaaa-mm")&"_"&$B$2&"_"&F$3,tblAsistencias[],6,FALSE)), "") | G9: =IFERROR(IF(ISBLANK(VLOOKUP(TEXT($A9,"aaaa-mm")&"_"&$G$2&"_"&G$3,tblAsistencias[],6,FALSE)), VLOOKUP(TEXT($A9,"aaaa-mm")&"_"&$G$2&"_"&G$3,tblAsistencias[],7,FALSE), VLOOKUP(TEXT($A9,"aaaa-mm")&"_"&$G$2&"_"&G$3,tblAsistencias[],6,FALSE)), "") | H9: =IFERROR(IF(ISBLANK(VLOOKUP(TEXT($A9,"aaaa-mm")&"_"&$G$2&"_"&H$3,tblAsistencias[],6,FALSE)), VLOOKUP(TEXT($A9,"aaaa-mm")&"_"&$G$2&"_"&H$3,tblAsistencias[],7,FALSE), VLOOKUP(TEXT($A9,"aaaa-mm")&"_"&$G$2&"_"&H$3,tblAsistencias[],6,FALSE)), "") | I9: =IFERROR(IF(ISBLANK(VLOOKUP(TEXT($A9,"aaaa-mm")&"_"&$G$2&"_"&I$3,tblAsistencias[],6,FALSE)), VLOOKUP(TEXT($A9,"aaaa-mm")&"_"&$G$2&"_"&I$3,tblAsistencias[],7,FALSE), VLOOKUP(TEXT($A9,"aaaa-mm")&"_"&$G$2&"_"&I$3,tblAsistencias[],6,FALSE)), "") | J9: =IFERROR(IF(ISBLANK(VLOOKUP(TEXT($A9,"aaaa-mm")&"_"&$G$2&"_"&J$3,tblAsistencias[],6,FALSE)), VLOOKUP(TEXT($A9,"aaaa-mm")&"_"&$G$2&"_"&J$3,tblAsistencias[],7,FALSE), VLOOKUP(TEXT($A9,"aaaa-mm")&"_"&$G$2&"_"&J$3,tblAsistencias[],6,FALSE)), "") | K9: =IFERROR(IF(ISBLANK(VLOOKUP(TEXT($A9,"aaaa-mm")&"_"&$G$2&"_"&K$3,tblAsistencias[],6,FALSE)), VLOOKUP(TEXT($A9,"aaaa-mm")&"_"&$G$2&"_"&K$3,tblAsistencias[],7,FALSE), VLOOKUP(TEXT($A9,"aaaa-mm")&"_"&$G$2&"_"&K$3,tblAsistencias[],6,FALSE)), "")
A10: 45658 | B10: =IFERROR(IF(ISBLANK(VLOOKUP(TEXT($A10,"aaaa-mm")&"_"&$B$2&"_"&B$3,tblAsistencias[],6,FALSE)), VLOOKUP(TEXT($A10,"aaaa-mm")&"_"&$B$2&"_"&B$3,tblAsistencias[],7,FALSE), VLOOKUP(TEXT($A10,"aaaa-mm")&"_"&$B$2&"_"&B$3,tblAsistencias[],6,FALSE)), "") | C10: =IFERROR(IF(ISBLANK(VLOOKUP(TEXT($A10,"aaaa-mm")&"_"&$B$2&"_"&C$3,tblAsistencias[],6,FALSE)), VLOOKUP(TEXT($A10,"aaaa-mm")&"_"&$B$2&"_"&C$3,tblAsistencias[],7,FALSE), VLOOKUP(TEXT($A10,"aaaa-mm")&"_"&$B$2&"_"&C$3,tblAsistencias[],6,FALSE)), "") | D10: =IFERROR(IF(ISBLANK(VLOOKUP(TEXT($A10,"aaaa-mm")&"_"&$B$2&"_"&D$3,tblAsistencias[],6,FALSE)), VLOOKUP(TEXT($A10,"aaaa-mm")&"_"&$B$2&"_"&D$3,tblAsistencias[],7,FALSE), VLOOKUP(TEXT($A10,"aaaa-mm")&"_"&$B$2&"_"&D$3,tblAsistencias[],6,FALSE)), "") | E10: =IFERROR(IF(ISBLANK(VLOOKUP(TEXT($A10,"aaaa-mm")&"_"&$B$2&"_"&E$3,tblAsistencias[],6,FALSE)), VLOOKUP(TEXT($A10,"aaaa-mm")&"_"&$B$2&"_"&E$3,tblAsistencias[],7,FALSE), VLOOKUP(TEXT($A10,"aaaa-mm")&"_"&$B$2&"_"&E$3,tblAsistencias[],6,FALSE)), "") | F10: =IFERROR(IF(ISBLANK(VLOOKUP(TEXT($A10,"aaaa-mm")&"_"&$B$2&"_"&F$3,tblAsistencias[],6,FALSE)), VLOOKUP(TEXT($A10,"aaaa-mm")&"_"&$B$2&"_"&F$3,tblAsistencias[],7,FALSE), VLOOKUP(TEXT($A10,"aaaa-mm")&"_"&$B$2&"_"&F$3,tblAsistencias[],6,FALSE)), "") | G10: =IFERROR(IF(ISBLANK(VLOOKUP(TEXT($A10,"aaaa-mm")&"_"&$G$2&"_"&G$3,tblAsistencias[],6,FALSE)), VLOOKUP(TEXT($A10,"aaaa-mm")&"_"&$G$2&"_"&G$3,tblAsistencias[],7,FALSE), VLOOKUP(TEXT($A10,"aaaa-mm")&"_"&$G$2&"_"&G$3,tblAsistencias[],6,FALSE)), "") | H10: =IFERROR(IF(ISBLANK(VLOOKUP(TEXT($A10,"aaaa-mm")&"_"&$G$2&"_"&H$3,tblAsistencias[],6,FALSE)), VLOOKUP(TEXT($A10,"aaaa-mm")&"_"&$G$2&"_"&H$3,tblAsistencias[],7,FALSE), VLOOKUP(TEXT($A10,"aaaa-mm")&"_"&$G$2&"_"&H$3,tblAsistencias[],6,FALSE)), "") | I10: =IFERROR(IF(ISBLANK(VLOOKUP(TEXT($A10,"aaaa-mm")&"_"&$G$2&"_"&I$3,tblAsistencias[],6,FALSE)), VLOOKUP(TEXT($A10,"aaaa-mm")&"_"&$G$2&"_"&I$3,tblAsistencias[],7,FALSE), VLOOKUP(TEXT($A10,"aaaa-mm")&"_"&$G$2&"_"&I$3,tblAsistencias[],6,FALSE)), "") | J10: =IFERROR(IF(ISBLANK(VLOOKUP(TEXT($A10,"aaaa-mm")&"_"&$G$2&"_"&J$3,tblAsistencias[],6,FALSE)), VLOOKUP(TEXT($A10,"aaaa-mm")&"_"&$G$2&"_"&J$3,tblAsistencias[],7,FALSE), VLOOKUP(TEXT($A10,"aaaa-mm")&"_"&$G$2&"_"&J$3,tblAsistencias[],6,FALSE)), "") | K10: =IFERROR(IF(ISBLANK(VLOOKUP(TEXT($A10,"aaaa-mm")&"_"&$G$2&"_"&K$3,tblAsistencias[],6,FALSE)), VLOOKUP(TEXT($A10,"aaaa-mm")&"_"&$G$2&"_"&K$3,tblAsistencias[],7,FALSE), VLOOKUP(TEXT($A10,"aaaa-mm")&"_"&$G$2&"_"&K$3,tblAsistencias[],6,FALSE)), "")
A11: 45689 | B11: =IFERROR(IF(ISBLANK(VLOOKUP(TEXT($A11,"aaaa-mm")&"_"&$B$2&"_"&B$3,tblAsistencias[],6,FALSE)), VLOOKUP(TEXT($A11,"aaaa-mm")&"_"&$B$2&"_"&B$3,tblAsistencias[],7,FALSE), VLOOKUP(TEXT($A11,"aaaa-mm")&"_"&$B$2&"_"&B$3,tblAsistencias[],6,FALSE)), "") | C11: =IFERROR(IF(ISBLANK(VLOOKUP(TEXT($A11,"aaaa-mm")&"_"&$B$2&"_"&C$3,tblAsistencias[],6,FALSE)), VLOOKUP(TEXT($A11,"aaaa-mm")&"_"&$B$2&"_"&C$3,tblAsistencias[],7,FALSE), VLOOKUP(TEXT($A11,"aaaa-mm")&"_"&$B$2&"_"&C$3,tblAsistencias[],6,FALSE)), "") | D11: =IFERROR(IF(ISBLANK(VLOOKUP(TEXT($A11,"aaaa-mm")&"_"&$B$2&"_"&D$3,tblAsistencias[],6,FALSE)), VLOOKUP(TEXT($A11,"aaaa-mm")&"_"&$B$2&"_"&D$3,tblAsistencias[],7,FALSE), VLOOKUP(TEXT($A11,"aaaa-mm")&"_"&$B$2&"_"&D$3,tblAsistencias[],6,FALSE)), "") | E11: =IFERROR(IF(ISBLANK(VLOOKUP(TEXT($A11,"aaaa-mm")&"_"&$B$2&"_"&E$3,tblAsistencias[],6,FALSE)), VLOOKUP(TEXT($A11,"aaaa-mm")&"_"&$B$2&"_"&E$3,tblAsistencias[],7,FALSE), VLOOKUP(TEXT($A11,"aaaa-mm")&"_"&$B$2&"_"&E$3,tblAsistencias[],6,FALSE)), "") | F11: =IFERROR(IF(ISBLANK(VLOOKUP(TEXT($A11,"aaaa-mm")&"_"&$B$2&"_"&F$3,tblAsistencias[],6,FALSE)), VLOOKUP(TEXT($A11,"aaaa-mm")&"_"&$B$2&"_"&F$3,tblAsistencias[],7,FALSE), VLOOKUP(TEXT($A11,"aaaa-mm")&"_"&$B$2&"_"&F$3,tblAsistencias[],6,FALSE)), "") | G11: =IFERROR(IF(ISBLANK(VLOOKUP(TEXT($A11,"aaaa-mm")&"_"&$G$2&"_"&G$3,tblAsistencias[],6,FALSE)), VLOOKUP(TEXT($A11,"aaaa-mm")&"_"&$G$2&"_"&G$3,tblAsistencias[],7,FALSE), VLOOKUP(TEXT($A11,"aaaa-mm")&"_"&$G$2&"_"&G$3,tblAsistencias[],6,FALSE)), "") | H11: =IFERROR(IF(ISBLANK(VLOOKUP(TEXT($A11,"aaaa-mm")&"_"&$G$2&"_"&H$3,tblAsistencias[],6,FALSE)), VLOOKUP(TEXT($A11,"aaaa-mm")&"_"&$G$2&"_"&H$3,tblAsistencias[],7,FALSE), VLOOKUP(TEXT($A11,"aaaa-mm")&"_"&$G$2&"_"&H$3,tblAsistencias[],6,FALSE)), "") | I11: =IFERROR(IF(ISBLANK(VLOOKUP(TEXT($A11,"aaaa-mm")&"_"&$G$2&"_"&I$3,tblAsistencias[],6,FALSE)), VLOOKUP(TEXT($A11,"aaaa-mm")&"_"&$G$2&"_"&I$3,tblAsistencias[],7,FALSE), VLOOKUP(TEXT($A11,"aaaa-mm")&"_"&$G$2&"_"&I$3,tblAsistencias[],6,FALSE)), "") | J11: =IFERROR(IF(ISBLANK(VLOOKUP(TEXT($A11,"aaaa-mm")&"_"&$G$2&"_"&J$3,tblAsistencias[],6,FALSE)), VLOOKUP(TEXT($A11,"aaaa-mm")&"_"&$G$2&"_"&J$3,tblAsistencias[],7,FALSE), VLOOKUP(TEXT($A11,"aaaa-mm")&"_"&$G$2&"_"&J$3,tblAsistencias[],6,FALSE)), "") | K11: =IFERROR(IF(ISBLANK(VLOOKUP(TEXT($A11,"aaaa-mm")&"_"&$G$2&"_"&K$3,tblAsistencias[],6,FALSE)), VLOOKUP(TEXT($A11,"aaaa-mm")&"_"&$G$2&"_"&K$3,tblAsistencias[],7,FALSE), VLOOKUP(TEXT($A11,"aaaa-mm")&"_"&$G$2&"_"&K$3,tblAsistencias[],6,FALSE)), "")
A12: 45717 | B12: =IFERROR(IF(ISBLANK(VLOOKUP(TEXT($A12,"aaaa-mm")&"_"&$B$2&"_"&B$3,tblAsistencias[],6,FALSE)), VLOOKUP(TEXT($A12,"aaaa-mm")&"_"&$B$2&"_"&B$3,tblAsistencias[],7,FALSE), VLOOKUP(TEXT($A12,"aaaa-mm")&"_"&$B$2&"_"&B$3,tblAsistencias[],6,FALSE)), "") | C12: =IFERROR(IF(ISBLANK(VLOOKUP(TEXT($A12,"aaaa-mm")&"_"&$B$2&"_"&C$3,tblAsistencias[],6,FALSE)), VLOOKUP(TEXT($A12,"aaaa-mm")&"_"&$B$2&"_"&C$3,tblAsistencias[],7,FALSE), VLOOKUP(TEXT($A12,"aaaa-mm")&"_"&$B$2&"_"&C$3,tblAsistencias[],6,FALSE)), "") | D12: =IFERROR(IF(ISBLANK(VLOOKUP(TEXT($A12,"aaaa-mm")&"_"&$B$2&"_"&D$3,tblAsistencias[],6,FALSE)), VLOOKUP(TEXT($A12,"aaaa-mm")&"_"&$B$2&"_"&D$3,tblAsistencias[],7,FALSE), VLOOKUP(TEXT($A12,"aaaa-mm")&"_"&$B$2&"_"&D$3,tblAsistencias[],6,FALSE)), "") | E12: =IFERROR(IF(ISBLANK(VLOOKUP(TEXT($A12,"aaaa-mm")&"_"&$B$2&"_"&E$3,tblAsistencias[],6,FALSE)), VLOOKUP(TEXT($A12,"aaaa-mm")&"_"&$B$2&"_"&E$3,tblAsistencias[],7,FALSE), VLOOKUP(TEXT($A12,"aaaa-mm")&"_"&$B$2&"_"&E$3,tblAsistencias[],6,FALSE)), "") | F12: =IFERROR(IF(ISBLANK(VLOOKUP(TEXT($A12,"aaaa-mm")&"_"&$B$2&"_"&F$3,tblAsistencias[],6,FALSE)), VLOOKUP(TEXT($A12,"aaaa-mm")&"_"&$B$2&"_"&F$3,tblAsistencias[],7,FALSE), VLOOKUP(TEXT($A12,"aaaa-mm")&"_"&$B$2&"_"&F$3,tblAsistencias[],6,FALSE)), "") | G12: =IFERROR(IF(ISBLANK(VLOOKUP(TEXT($A12,"aaaa-mm")&"_"&$G$2&"_"&G$3,tblAsistencias[],6,FALSE)), VLOOKUP(TEXT($A12,"aaaa-mm")&"_"&$G$2&"_"&G$3,tblAsistencias[],7,FALSE), VLOOKUP(TEXT($A12,"aaaa-mm")&"_"&$G$2&"_"&G$3,tblAsistencias[],6,FALSE)), "") | H12: =IFERROR(IF(ISBLANK(VLOOKUP(TEXT($A12,"aaaa-mm")&"_"&$G$2&"_"&H$3,tblAsistencias[],6,FALSE)), VLOOKUP(TEXT($A12,"aaaa-mm")&"_"&$G$2&"_"&H$3,tblAsistencias[],7,FALSE), VLOOKUP(TEXT($A12,"aaaa-mm")&"_"&$G$2&"_"&H$3,tblAsistencias[],6,FALSE)), "") | I12: =IFERROR(IF(ISBLANK(VLOOKUP(TEXT($A12,"aaaa-mm")&"_"&$G$2&"_"&I$3,tblAsistencias[],6,FALSE)), VLOOKUP(TEXT($A12,"aaaa-mm")&"_"&$G$2&"_"&I$3,tblAsistencias[],7,FALSE), VLOOKUP(TEXT($A12,"aaaa-mm")&"_"&$G$2&"_"&I$3,tblAsistencias[],6,FALSE)), "") | J12: =IFERROR(IF(ISBLANK(VLOOKUP(TEXT($A12,"aaaa-mm")&"_"&$G$2&"_"&J$3,tblAsistencias[],6,FALSE)), VLOOKUP(TEXT($A12,"aaaa-mm")&"_"&$G$2&"_"&J$3,tblAsistencias[],7,FALSE), VLOOKUP(TEXT($A12,"aaaa-mm")&"_"&$G$2&"_"&J$3,tblAsistencias[],6,FALSE)), "") | K12: =IFERROR(IF(ISBLANK(VLOOKUP(TEXT($A12,"aaaa-mm")&"_"&$G$2&"_"&K$3,tblAsistencias[],6,FALSE)), VLOOKUP(TEXT($A12,"aaaa-mm")&"_"&$G$2&"_"&K$3,tblAsistencias[],7,FALSE), VLOOKUP(TEXT($A12,"aaaa-mm")&"_"&$G$2&"_"&K$3,tblAsistencias[],6,FALSE)), "")
A13: 45748 | B13: =IFERROR(IF(ISBLANK(VLOOKUP(TEXT($A13,"aaaa-mm")&"_"&$B$2&"_"&B$3,tblAsistencias[],6,FALSE)), VLOOKUP(TEXT($A13,"aaaa-mm")&"_"&$B$2&"_"&B$3,tblAsistencias[],7,FALSE), VLOOKUP(TEXT($A13,"aaaa-mm")&"_"&$B$2&"_"&B$3,tblAsistencias[],6,FALSE)), "") | C13: =IFERROR(IF(ISBLANK(VLOOKUP(TEXT($A13,"aaaa-mm")&"_"&$B$2&"_"&C$3,tblAsistencias[],6,FALSE)), VLOOKUP(TEXT($A13,"aaaa-mm")&"_"&$B$2&"_"&C$3,tblAsistencias[],7,FALSE), VLOOKUP(TEXT($A13,"aaaa-mm")&"_"&$B$2&"_"&C$3,tblAsistencias[],6,FALSE)), "") | D13: =IFERROR(IF(ISBLANK(VLOOKUP(TEXT($A13,"aaaa-mm")&"_"&$B$2&"_"&D$3,tblAsistencias[],6,FALSE)), VLOOKUP(TEXT($A13,"aaaa-mm")&"_"&$B$2&"_"&D$3,tblAsistencias[],7,FALSE), VLOOKUP(TEXT($A13,"aaaa-mm")&"_"&$B$2&"_"&D$3,tblAsistencias[],6,FALSE)), "") | E13: =IFERROR(IF(ISBLANK(VLOOKUP(TEXT($A13,"aaaa-mm")&"_"&$B$2&"_"&E$3,tblAsistencias[],6,FALSE)), VLOOKUP(TEXT($A13,"aaaa-mm")&"_"&$B$2&"_"&E$3,tblAsistencias[],7,FALSE), VLOOKUP(TEXT($A13,"aaaa-mm")&"_"&$B$2&"_"&E$3,tblAsistencias[],6,FALSE)), "") | F13: =IFERROR(IF(ISBLANK(VLOOKUP(TEXT($A13,"aaaa-mm")&"_"&$B$2&"_"&F$3,tblAsistencias[],6,FALSE)), VLOOKUP(TEXT($A13,"aaaa-mm")&"_"&$B$2&"_"&F$3,tblAsistencias[],7,FALSE), VLOOKUP(TEXT($A13,"aaaa-mm")&"_"&$B$2&"_"&F$3,tblAsistencias[],6,FALSE)), "") | G13: =IFERROR(IF(ISBLANK(VLOOKUP(TEXT($A13,"aaaa-mm")&"_"&$G$2&"_"&G$3,tblAsistencias[],6,FALSE)), VLOOKUP(TEXT($A13,"aaaa-mm")&"_"&$G$2&"_"&G$3,tblAsistencias[],7,FALSE), VLOOKUP(TEXT($A13,"aaaa-mm")&"_"&$G$2&"_"&G$3,tblAsistencias[],6,FALSE)), "") | H13: =IFERROR(IF(ISBLANK(VLOOKUP(TEXT($A13,"aaaa-mm")&"_"&$G$2&"_"&H$3,tblAsistencias[],6,FALSE)), VLOOKUP(TEXT($A13,"aaaa-mm")&"_"&$G$2&"_"&H$3,tblAsistencias[],7,FALSE), VLOOKUP(TEXT($A13,"aaaa-mm")&"_"&$G$2&"_"&H$3,tblAsistencias[],6,FALSE)), "") | I13: =IFERROR(IF(ISBLANK(VLOOKUP(TEXT($A13,"aaaa-mm")&"_"&$G$2&"_"&I$3,tblAsistencias[],6,FALSE)), VLOOKUP(TEXT($A13,"aaaa-mm")&"_"&$G$2&"_"&I$3,tblAsistencias[],7,FALSE), VLOOKUP(TEXT($A13,"aaaa-mm")&"_"&$G$2&"_"&I$3,tblAsistencias[],6,FALSE)), "") | J13: =IFERROR(IF(ISBLANK(VLOOKUP(TEXT($A13,"aaaa-mm")&"_"&$G$2&"_"&J$3,tblAsistencias[],6,FALSE)), VLOOKUP(TEXT($A13,"aaaa-mm")&"_"&$G$2&"_"&J$3,tblAsistencias[],7,FALSE), VLOOKUP(TEXT($A13,"aaaa-mm")&"_"&$G$2&"_"&J$3,tblAsistencias[],6,FALSE)), "") | K13: =IFERROR(IF(ISBLANK(VLOOKUP(TEXT($A13,"aaaa-mm")&"_"&$G$2&"_"&K$3,tblAsistencias[],6,FALSE)), VLOOKUP(TEXT($A13,"aaaa-mm")&"_"&$G$2&"_"&K$3,tblAsistencias[],7,FALSE), VLOOKUP(TEXT($A13,"aaaa-mm")&"_"&$G$2&"_"&K$3,tblAsistencias[],6,FALSE)), "")
A14: 45778 | B14: =IFERROR(IF(ISBLANK(VLOOKUP(TEXT($A14,"aaaa-mm")&"_"&$B$2&"_"&B$3,tblAsistencias[],6,FALSE)), VLOOKUP(TEXT($A14,"aaaa-mm")&"_"&$B$2&"_"&B$3,tblAsistencias[],7,FALSE), VLOOKUP(TEXT($A14,"aaaa-mm")&"_"&$B$2&"_"&B$3,tblAsistencias[],6,FALSE)), "") | C14: =IFERROR(IF(ISBLANK(VLOOKUP(TEXT($A14,"aaaa-mm")&"_"&$B$2&"_"&C$3,tblAsistencias[],6,FALSE)), VLOOKUP(TEXT($A14,"aaaa-mm")&"_"&$B$2&"_"&C$3,tblAsistencias[],7,FALSE), VLOOKUP(TEXT($A14,"aaaa-mm")&"_"&$B$2&"_"&C$3,tblAsistencias[],6,FALSE)), "") | D14: =IFERROR(IF(ISBLANK(VLOOKUP(TEXT($A14,"aaaa-mm")&"_"&$B$2&"_"&D$3,tblAsistencias[],6,FALSE)), VLOOKUP(TEXT($A14,"aaaa-mm")&"_"&$B$2&"_"&D$3,tblAsistencias[],7,FALSE), VLOOKUP(TEXT($A14,"aaaa-mm")&"_"&$B$2&"_"&D$3,tblAsistencias[],6,FALSE)), "") | E14: =IFERROR(IF(ISBLANK(VLOOKUP(TEXT($A14,"aaaa-mm")&"_"&$B$2&"_"&E$3,tblAsistencias[],6,FALSE)), VLOOKUP(TEXT($A14,"aaaa-mm")&"_"&$B$2&"_"&E$3,tblAsistencias[],7,FALSE), VLOOKUP(TEXT($A14,"aaaa-mm")&"_"&$B$2&"_"&E$3,tblAsistencias[],6,FALSE)), "") | F14: =IFERROR(IF(ISBLANK(VLOOKUP(TEXT($A14,"aaaa-mm")&"_"&$B$2&"_"&F$3,tblAsistencias[],6,FALSE)), VLOOKUP(TEXT($A14,"aaaa-mm")&"_"&$B$2&"_"&F$3,tblAsistencias[],7,FALSE), VLOOKUP(TEXT($A14,"aaaa-mm")&"_"&$B$2&"_"&F$3,tblAsistencias[],6,FALSE)), "") | G14: =IFERROR(IF(ISBLANK(VLOOKUP(TEXT($A14,"aaaa-mm")&"_"&$G$2&"_"&G$3,tblAsistencias[],6,FALSE)), VLOOKUP(TEXT($A14,"aaaa-mm")&"_"&$G$2&"_"&G$3,tblAsistencias[],7,FALSE), VLOOKUP(TEXT($A14,"aaaa-mm")&"_"&$G$2&"_"&G$3,tblAsistencias[],6,FALSE)), "") | H14: =IFERROR(IF(ISBLANK(VLOOKUP(TEXT($A14,"aaaa-mm")&"_"&$G$2&"_"&H$3,tblAsistencias[],6,FALSE)), VLOOKUP(TEXT($A14,"aaaa-mm")&"_"&$G$2&"_"&H$3,tblAsistencias[],7,FALSE), VLOOKUP(TEXT($A14,"aaaa-mm")&"_"&$G$2&"_"&H$3,tblAsistencias[],6,FALSE)), "") | I14: =IFERROR(IF(ISBLANK(VLOOKUP(TEXT($A14,"aaaa-mm")&"_"&$G$2&"_"&I$3,tblAsistencias[],6,FALSE)), VLOOKUP(TEXT($A14,"aaaa-mm")&"_"&$G$2&"_"&I$3,tblAsistencias[],7,FALSE), VLOOKUP(TEXT($A14,"aaaa-mm")&"_"&$G$2&"_"&I$3,tblAsistencias[],6,FALSE)), "") | J14: =IFERROR(IF(ISBLANK(VLOOKUP(TEXT($A14,"aaaa-mm")&"_"&$G$2&"_"&J$3,tblAsistencias[],6,FALSE)), VLOOKUP(TEXT($A14,"aaaa-mm")&"_"&$G$2&"_"&J$3,tblAsistencias[],7,FALSE), VLOOKUP(TEXT($A14,"aaaa-mm")&"_"&$G$2&"_"&J$3,tblAsistencias[],6,FALSE)), "") | K14: =IFERROR(IF(ISBLANK(VLOOKUP(TEXT($A14,"aaaa-mm")&"_"&$G$2&"_"&K$3,tblAsistencias[],6,FALSE)), VLOOKUP(TEXT($A14,"aaaa-mm")&"_"&$G$2&"_"&K$3,tblAsistencias[],7,FALSE), VLOOKUP(TEXT($A14,"aaaa-mm")&"_"&$G$2&"_"&K$3,tblAsistencias[],6,FALSE)), "")
A15: 45809 | B15: =IFERROR(IF(ISBLANK(VLOOKUP(TEXT($A15,"aaaa-mm")&"_"&$B$2&"_"&B$3,tblAsistencias[],6,FALSE)), VLOOKUP(TEXT($A15,"aaaa-mm")&"_"&$B$2&"_"&B$3,tblAsistencias[],7,FALSE), VLOOKUP(TEXT($A15,"aaaa-mm")&"_"&$B$2&"_"&B$3,tblAsistencias[],6,FALSE)), "") | C15: =IFERROR(IF(ISBLANK(VLOOKUP(TEXT($A15,"aaaa-mm")&"_"&$B$2&"_"&C$3,tblAsistencias[],6,FALSE)), VLOOKUP(TEXT($A15,"aaaa-mm")&"_"&$B$2&"_"&C$3,tblAsistencias[],7,FALSE), VLOOKUP(TEXT($A15,"aaaa-mm")&"_"&$B$2&"_"&C$3,tblAsistencias[],6,FALSE)), "") | D15: =IFERROR(IF(ISBLANK(VLOOKUP(TEXT($A15,"aaaa-mm")&"_"&$B$2&"_"&D$3,tblAsistencias[],6,FALSE)), VLOOKUP(TEXT($A15,"aaaa-mm")&"_"&$B$2&"_"&D$3,tblAsistencias[],7,FALSE), VLOOKUP(TEXT($A15,"aaaa-mm")&"_"&$B$2&"_"&D$3,tblAsistencias[],6,FALSE)), "") | E15: =IFERROR(IF(ISBLANK(VLOOKUP(TEXT($A15,"aaaa-mm")&"_"&$B$2&"_"&E$3,tblAsistencias[],6,FALSE)), VLOOKUP(TEXT($A15,"aaaa-mm")&"_"&$B$2&"_"&E$3,tblAsistencias[],7,FALSE), VLOOKUP(TEXT($A15,"aaaa-mm")&"_"&$B$2&"_"&E$3,tblAsistencias[],6,FALSE)), "") | F15: =IFERROR(IF(ISBLANK(VLOOKUP(TEXT($A15,"aaaa-mm")&"_"&$B$2&"_"&F$3,tblAsistencias[],6,FALSE)), VLOOKUP(TEXT($A15,"aaaa-mm")&"_"&$B$2&"_"&F$3,tblAsistencias[],7,FALSE), VLOOKUP(TEXT($A15,"aaaa-mm")&"_"&$B$2&"_"&F$3,tblAsistencias[],6,FALSE)), "") | G15: =IFERROR(IF(ISBLANK(VLOOKUP(TEXT($A15,"aaaa-mm")&"_"&$G$2&"_"&G$3,tblAsistencias[],6,FALSE)), VLOOKUP(TEXT($A15,"aaaa-mm")&"_"&$G$2&"_"&G$3,tblAsistencias[],7,FALSE), VLOOKUP(TEXT($A15,"aaaa-mm")&"_"&$G$2&"_"&G$3,tblAsistencias[],6,FALSE)), "") | H15: =IFERROR(IF(ISBLANK(VLOOKUP(TEXT($A15,"aaaa-mm")&"_"&$G$2&"_"&H$3,tblAsistencias[],6,FALSE)), VLOOKUP(TEXT($A15,"aaaa-mm")&"_"&$G$2&"_"&H$3,tblAsistencias[],7,FALSE), VLOOKUP(TEXT($A15,"aaaa-mm")&"_"&$G$2&"_"&H$3,tblAsistencias[],6,FALSE)), "") | I15: =IFERROR(IF(ISBLANK(VLOOKUP(TEXT($A15,"aaaa-mm")&"_"&$G$2&"_"&I$3,tblAsistencias[],6,FALSE)), VLOOKUP(TEXT($A15,"aaaa-mm")&"_"&$G$2&"_"&I$3,tblAsistencias[],7,FALSE), VLOOKUP(TEXT($A15,"aaaa-mm")&"_"&$G$2&"_"&I$3,tblAsistencias[],6,FALSE)), "") | J15: =IFERROR(IF(ISBLANK(VLOOKUP(TEXT($A15,"aaaa-mm")&"_"&$G$2&"_"&J$3,tblAsistencias[],6,FALSE)), VLOOKUP(TEXT($A15,"aaaa-mm")&"_"&$G$2&"_"&J$3,tblAsistencias[],7,FALSE), VLOOKUP(TEXT($A15,"aaaa-mm")&"_"&$G$2&"_"&J$3,tblAsistencias[],6,FALSE)), "") | K15: =IFERROR(IF(ISBLANK(VLOOKUP(TEXT($A15,"aaaa-mm")&"_"&$G$2&"_"&K$3,tblAsistencias[],6,FALSE)), VLOOKUP(TEXT($A15,"aaaa-mm")&"_"&$G$2&"_"&K$3,tblAsistencias[],7,FALSE), VLOOKUP(TEXT($A15,"aaaa-mm")&"_"&$G$2&"_"&K$3,tblAsistencias[],6,FALSE)), "")
A16: 45839 | B16: =IFERROR(IF(ISBLANK(VLOOKUP(TEXT($A16,"aaaa-mm")&"_"&$B$2&"_"&B$3,tblAsistencias[],6,FALSE)), VLOOKUP(TEXT($A16,"aaaa-mm")&"_"&$B$2&"_"&B$3,tblAsistencias[],7,FALSE), VLOOKUP(TEXT($A16,"aaaa-mm")&"_"&$B$2&"_"&B$3,tblAsistencias[],6,FALSE)), "") | C16: =IFERROR(IF(ISBLANK(VLOOKUP(TEXT($A16,"aaaa-mm")&"_"&$B$2&"_"&C$3,tblAsistencias[],6,FALSE)), VLOOKUP(TEXT($A16,"aaaa-mm")&"_"&$B$2&"_"&C$3,tblAsistencias[],7,FALSE), VLOOKUP(TEXT($A16,"aaaa-mm")&"_"&$B$2&"_"&C$3,tblAsistencias[],6,FALSE)), "") | D16: =IFERROR(IF(ISBLANK(VLOOKUP(TEXT($A16,"aaaa-mm")&"_"&$B$2&"_"&D$3,tblAsistencias[],6,FALSE)), VLOOKUP(TEXT($A16,"aaaa-mm")&"_"&$B$2&"_"&D$3,tblAsistencias[],7,FALSE), VLOOKUP(TEXT($A16,"aaaa-mm")&"_"&$B$2&"_"&D$3,tblAsistencias[],6,FALSE)), "") | E16: =IFERROR(IF(ISBLANK(VLOOKUP(TEXT($A16,"aaaa-mm")&"_"&$B$2&"_"&E$3,tblAsistencias[],6,FALSE)), VLOOKUP(TEXT($A16,"aaaa-mm")&"_"&$B$2&"_"&E$3,tblAsistencias[],7,FALSE), VLOOKUP(TEXT($A16,"aaaa-mm")&"_"&$B$2&"_"&E$3,tblAsistencias[],6,FALSE)), "") | F16: =IFERROR(IF(ISBLANK(VLOOKUP(TEXT($A16,"aaaa-mm")&"_"&$B$2&"_"&F$3,tblAsistencias[],6,FALSE)), VLOOKUP(TEXT($A16,"aaaa-mm")&"_"&$B$2&"_"&F$3,tblAsistencias[],7,FALSE), VLOOKUP(TEXT($A16,"aaaa-mm")&"_"&$B$2&"_"&F$3,tblAsistencias[],6,FALSE)), "") | G16: =IFERROR(IF(ISBLANK(VLOOKUP(TEXT($A16,"aaaa-mm")&"_"&$G$2&"_"&G$3,tblAsistencias[],6,FALSE)), VLOOKUP(TEXT($A16,"aaaa-mm")&"_"&$G$2&"_"&G$3,tblAsistencias[],7,FALSE), VLOOKUP(TEXT($A16,"aaaa-mm")&"_"&$G$2&"_"&G$3,tblAsistencias[],6,FALSE)), "") | H16: =IFERROR(IF(ISBLANK(VLOOKUP(TEXT($A16,"aaaa-mm")&"_"&$G$2&"_"&H$3,tblAsistencias[],6,FALSE)), VLOOKUP(TEXT($A16,"aaaa-mm")&"_"&$G$2&"_"&H$3,tblAsistencias[],7,FALSE), VLOOKUP(TEXT($A16,"aaaa-mm")&"_"&$G$2&"_"&H$3,tblAsistencias[],6,FALSE)), "") | I16: =IFERROR(IF(ISBLANK(VLOOKUP(TEXT($A16,"aaaa-mm")&"_"&$G$2&"_"&I$3,tblAsistencias[],6,FALSE)), VLOOKUP(TEXT($A16,"aaaa-mm")&"_"&$G$2&"_"&I$3,tblAsistencias[],7,FALSE), VLOOKUP(TEXT($A16,"aaaa-mm")&"_"&$G$2&"_"&I$3,tblAsistencias[],6,FALSE)), "") | J16: =IFERROR(IF(ISBLANK(VLOOKUP(TEXT($A16,"aaaa-mm")&"_"&$G$2&"_"&J$3,tblAsistencias[],6,FALSE)), VLOOKUP(TEXT($A16,"aaaa-mm")&"_"&$G$2&"_"&J$3,tblAsistencias[],7,FALSE), VLOOKUP(TEXT($A16,"aaaa-mm")&"_"&$G$2&"_"&J$3,tblAsistencias[],6,FALSE)), "") | K16: =IFERROR(IF(ISBLANK(VLOOKUP(TEXT($A16,"aaaa-mm")&"_"&$G$2&"_"&K$3,tblAsistencias[],6,FALSE)), VLOOKUP(TEXT($A16,"aaaa-mm")&"_"&$G$2&"_"&K$3,tblAsistencias[],7,FALSE), VLOOKUP(TEXT($A16,"aaaa-mm")&"_"&$G$2&"_"&K$3,tblAsistencias[],6,FALSE)), "") | M16: 1 | N16: =WEEKDAY(M18,1) -> 2
A17: 45870 | B17: =IFERROR(IF(ISBLANK(VLOOKUP(TEXT($A17,"aaaa-mm")&"_"&$B$2&"_"&B$3,tblAsistencias[],6,FALSE)), VLOOKUP(TEXT($A17,"aaaa-mm")&"_"&$B$2&"_"&B$3,tblAsistencias[],7,FALSE), VLOOKUP(TEXT($A17,"aaaa-mm")&"_"&$B$2&"_"&B$3,tblAsistencias[],6,FALSE)), "") | C17: =IFERROR(IF(ISBLANK(VLOOKUP(TEXT($A17,"aaaa-mm")&"_"&$B$2&"_"&C$3,tblAsistencias[],6,FALSE)), VLOOKUP(TEXT($A17,"aaaa-mm")&"_"&$B$2&"_"&C$3,tblAsistencias[],7,FALSE), VLOOKUP(TEXT($A17,"aaaa-mm")&"_"&$B$2&"_"&C$3,tblAsistencias[],6,FALSE)), "") | D17: =IFERROR(IF(ISBLANK(VLOOKUP(TEXT($A17,"aaaa-mm")&"_"&$B$2&"_"&D$3,tblAsistencias[],6,FALSE)), VLOOKUP(TEXT($A17,"aaaa-mm")&"_"&$B$2&"_"&D$3,tblAsistencias[],7,FALSE), VLOOKUP(TEXT($A17,"aaaa-mm")&"_"&$B$2&"_"&D$3,tblAsistencias[],6,FALSE)), "") | E17: =IFERROR(IF(ISBLANK(VLOOKUP(TEXT($A17,"aaaa-mm")&"_"&$B$2&"_"&E$3,tblAsistencias[],6,FALSE)), VLOOKUP(TEXT($A17,"aaaa-mm")&"_"&$B$2&"_"&E$3,tblAsistencias[],7,FALSE), VLOOKUP(TEXT($A17,"aaaa-mm")&"_"&$B$2&"_"&E$3,tblAsistencias[],6,FALSE)), "") | F17: =IFERROR(IF(ISBLANK(VLOOKUP(TEXT($A17,"aaaa-mm")&"_"&$B$2&"_"&F$3,tblAsistencias[],6,FALSE)), VLOOKUP(TEXT($A17,"aaaa-mm")&"_"&$B$2&"_"&F$3,tblAsistencias[],7,FALSE), VLOOKUP(TEXT($A17,"aaaa-mm")&"_"&$B$2&"_"&F$3,tblAsistencias[],6,FALSE)), "") | G17: =IFERROR(IF(ISBLANK(VLOOKUP(TEXT($A17,"aaaa-mm")&"_"&$G$2&"_"&G$3,tblAsistencias[],6,FALSE)), VLOOKUP(TEXT($A17,"aaaa-mm")&"_"&$G$2&"_"&G$3,tblAsistencias[],7,FALSE), VLOOKUP(TEXT($A17,"aaaa-mm")&"_"&$G$2&"_"&G$3,tblAsistencias[],6,FALSE)), "") | H17: =IFERROR(IF(ISBLANK(VLOOKUP(TEXT($A17,"aaaa-mm")&"_"&$G$2&"_"&H$3,tblAsistencias[],6,FALSE)), VLOOKUP(TEXT($A17,"aaaa-mm")&"_"&$G$2&"_"&H$3,tblAsistencias[],7,FALSE), VLOOKUP(TEXT($A17,"aaaa-mm")&"_"&$G$2&"_"&H$3,tblAsistencias[],6,FALSE)), "") | I17: =IFERROR(IF(ISBLANK(VLOOKUP(TEXT($A17,"aaaa-mm")&"_"&$G$2&"_"&I$3,tblAsistencias[],6,FALSE)), VLOOKUP(TEXT($A17,"aaaa-mm")&"_"&$G$2&"_"&I$3,tblAsistencias[],7,FALSE), VLOOKUP(TEXT($A17,"aaaa-mm")&"_"&$G$2&"_"&I$3,tblAsistencias[],6,FALSE)), "") | J17: =IFERROR(IF(ISBLANK(VLOOKUP(TEXT($A17,"aaaa-mm")&"_"&$G$2&"_"&J$3,tblAsistencias[],6,FALSE)), VLOOKUP(TEXT($A17,"aaaa-mm")&"_"&$G$2&"_"&J$3,tblAsistencias[],7,FALSE), VLOOKUP(TEXT($A17,"aaaa-mm")&"_"&$G$2&"_"&J$3,tblAsistencias[],6,FALSE)), "") | K17: =IFERROR(IF(ISBLANK(VLOOKUP(TEXT($A17,"aaaa-mm")&"_"&$G$2&"_"&K$3,tblAsistencias[],6,FALSE)), VLOOKUP(TEXT($A17,"aaaa-mm")&"_"&$G$2&"_"&K$3,tblAsistencias[],7,FALSE), VLOOKUP(TEXT($A17,"aaaa-mm")&"_"&$G$2&"_"&K$3,tblAsistencias[],6,FALSE)), "") | M17: 1 | N17: 2 | O17: 3 | P17: 4 | Q17: 5 | R17: 6 | S17: 7
A18: 45901 | B18: =IFERROR(IF(ISBLANK(VLOOKUP(TEXT($A18,"aaaa-mm")&"_"&$B$2&"_"&B$3,tblAsistencias[],6,FALSE)), VLOOKUP(TEXT($A18,"aaaa-mm")&"_"&$B$2&"_"&B$3,tblAsistencias[],7,FALSE), VLOOKUP(TEXT($A18,"aaaa-mm")&"_"&$B$2&"_"&B$3,tblAsistencias[],6,FALSE)), "") | C18: =IFERROR(IF(ISBLANK(VLOOKUP(TEXT($A18,"aaaa-mm")&"_"&$B$2&"_"&C$3,tblAsistencias[],6,FALSE)), VLOOKUP(TEXT($A18,"aaaa-mm")&"_"&$B$2&"_"&C$3,tblAsistencias[],7,FALSE), VLOOKUP(TEXT($A18,"aaaa-mm")&"_"&$B$2&"_"&C$3,tblAsistencias[],6,FALSE)), "") | D18: =IFERROR(IF(ISBLANK(VLOOKUP(TEXT($A18,"aaaa-mm")&"_"&$B$2&"_"&D$3,tblAsistencias[],6,FALSE)), VLOOKUP(TEXT($A18,"aaaa-mm")&"_"&$B$2&"_"&D$3,tblAsistencias[],7,FALSE), VLOOKUP(TEXT($A18,"aaaa-mm")&"_"&$B$2&"_"&D$3,tblAsistencias[],6,FALSE)), "") | E18: =IFERROR(IF(ISBLANK(VLOOKUP(TEXT($A18,"aaaa-mm")&"_"&$B$2&"_"&E$3,tblAsistencias[],6,FALSE)), VLOOKUP(TEXT($A18,"aaaa-mm")&"_"&$B$2&"_"&E$3,tblAsistencias[],7,FALSE), VLOOKUP(TEXT($A18,"aaaa-mm")&"_"&$B$2&"_"&E$3,tblAsistencias[],6,FALSE)), "") | F18: =IFERROR(IF(ISBLANK(VLOOKUP(TEXT($A18,"aaaa-mm")&"_"&$B$2&"_"&F$3,tblAsistencias[],6,FALSE)), VLOOKUP(TEXT($A18,"aaaa-mm")&"_"&$B$2&"_"&F$3,tblAsistencias[],7,FALSE), VLOOKUP(TEXT($A18,"aaaa-mm")&"_"&$B$2&"_"&F$3,tblAsistencias[],6,FALSE)), "") | G18: =IFERROR(IF(ISBLANK(VLOOKUP(TEXT($A18,"aaaa-mm")&"_"&$G$2&"_"&G$3,tblAsistencias[],6,FALSE)), VLOOKUP(TEXT($A18,"aaaa-mm")&"_"&$G$2&"_"&G$3,tblAsistencias[],7,FALSE), VLOOKUP(TEXT($A18,"aaaa-mm")&"_"&$G$2&"_"&G$3,tblAsistencias[],6,FALSE)), "") | H18: =IFERROR(IF(ISBLANK(VLOOKUP(TEXT($A18,"aaaa-mm")&"_"&$G$2&"_"&H$3,tblAsistencias[],6,FALSE)), VLOOKUP(TEXT($A18,"aaaa-mm")&"_"&$G$2&"_"&H$3,tblAsistencias[],7,FALSE), VLOOKUP(TEXT($A18,"aaaa-mm")&"_"&$G$2&"_"&H$3,tblAsistencias[],6,FALSE)), "") | I18: =IFERROR(IF(ISBLANK(VLOOKUP(TEXT($A18,"aaaa-mm")&"_"&$G$2&"_"&I$3,tblAsistencias[],6,FALSE)), VLOOKUP(TEXT($A18,"aaaa-mm")&"_"&$G$2&"_"&I$3,tblAsistencias[],7,FALSE), VLOOKUP(TEXT($A18,"aaaa-mm")&"_"&$G$2&"_"&I$3,tblAsistencias[],6,FALSE)), "") | J18: =IFERROR(IF(ISBLANK(VLOOKUP(TEXT($A18,"aaaa-mm")&"_"&$G$2&"_"&J$3,tblAsistencias[],6,FALSE)), VLOOKUP(TEXT($A18,"aaaa-mm")&"_"&$G$2&"_"&J$3,tblAsistencias[],7,FALSE), VLOOKUP(TEXT($A18,"aaaa-mm")&"_"&$G$2&"_"&J$3,tblAsistencias[],6,FALSE)), "") | K18: =IFERROR(IF(ISBLANK(VLOOKUP(TEXT($A18,"aaaa-mm")&"_"&$G$2&"_"&K$3,tblAsistencias[],6,FALSE)), VLOOKUP(TEXT($A18,"aaaa-mm")&"_"&$G$2&"_"&K$3,tblAsistencias[],7,FALSE), VLOOKUP(TEXT($A18,"aaaa-mm")&"_"&$G$2&"_"&K$3,tblAsistencias[],6,FALSE)), "") | M18: =EDATE(DATE(YEAR(TODAY()), MONTH(TODAY()), 1),-M16) -> 45992
A19: 45931 | B19: =IFERROR(IF(ISBLANK(VLOOKUP(TEXT($A19,"aaaa-mm")&"_"&$B$2&"_"&B$3,tblAsistencias[],6,FALSE)), VLOOKUP(TEXT($A19,"aaaa-mm")&"_"&$B$2&"_"&B$3,tblAsistencias[],7,FALSE), VLOOKUP(TEXT($A19,"aaaa-mm")&"_"&$B$2&"_"&B$3,tblAsistencias[],6,FALSE)), "") | C19: =IFERROR(IF(ISBLANK(VLOOKUP(TEXT($A19,"aaaa-mm")&"_"&$B$2&"_"&C$3,tblAsistencias[],6,FALSE)), VLOOKUP(TEXT($A19,"aaaa-mm")&"_"&$B$2&"_"&C$3,tblAsistencias[],7,FALSE), VLOOKUP(TEXT($A19,"aaaa-mm")&"_"&$B$2&"_"&C$3,tblAsistencias[],6,FALSE)), "") | D19: =IFERROR(IF(ISBLANK(VLOOKUP(TEXT($A19,"aaaa-mm")&"_"&$B$2&"_"&D$3,tblAsistencias[],6,FALSE)), VLOOKUP(TEXT($A19,"aaaa-mm")&"_"&$B$2&"_"&D$3,tblAsistencias[],7,FALSE), VLOOKUP(TEXT($A19,"aaaa-mm")&"_"&$B$2&"_"&D$3,tblAsistencias[],6,FALSE)), "") | E19: =IFERROR(IF(ISBLANK(VLOOKUP(TEXT($A19,"aaaa-mm")&"_"&$B$2&"_"&E$3,tblAsistencias[],6,FALSE)), VLOOKUP(TEXT($A19,"aaaa-mm")&"_"&$B$2&"_"&E$3,tblAsistencias[],7,FALSE), VLOOKUP(TEXT($A19,"aaaa-mm")&"_"&$B$2&"_"&E$3,tblAsistencias[],6,FALSE)), "") | F19: =IFERROR(IF(ISBLANK(VLOOKUP(TEXT($A19,"aaaa-mm")&"_"&$B$2&"_"&F$3,tblAsistencias[],6,FALSE)), VLOOKUP(TEXT($A19,"aaaa-mm")&"_"&$B$2&"_"&F$3,tblAsistencias[],7,FALSE), VLOOKUP(TEXT($A19,"aaaa-mm")&"_"&$B$2&"_"&F$3,tblAsistencias[],6,FALSE)), "") | G19: =IFERROR(IF(ISBLANK(VLOOKUP(TEXT($A19,"aaaa-mm")&"_"&$G$2&"_"&G$3,tblAsistencias[],6,FALSE)), VLOOKUP(TEXT($A19,"aaaa-mm")&"_"&$G$2&"_"&G$3,tblAsistencias[],7,FALSE), VLOOKUP(TEXT($A19,"aaaa-mm")&"_"&$G$2&"_"&G$3,tblAsistencias[],6,FALSE)), "") | H19: =IFERROR(IF(ISBLANK(VLOOKUP(TEXT($A19,"aaaa-mm")&"_"&$G$2&"_"&H$3,tblAsistencias[],6,FALSE)), VLOOKUP(TEXT($A19,"aaaa-mm")&"_"&$G$2&"_"&H$3,tblAsistencias[],7,FALSE), VLOOKUP(TEXT($A19,"aaaa-mm")&"_"&$G$2&"_"&H$3,tblAsistencias[],6,FALSE)), "") | I19: =IFERROR(IF(ISBLANK(VLOOKUP(TEXT($A19,"aaaa-mm")&"_"&$G$2&"_"&I$3,tblAsistencias[],6,FALSE)), VLOOKUP(TEXT($A19,"aaaa-mm")&"_"&$G$2&"_"&I$3,tblAsistencias[],7,FALSE), VLOOKUP(TEXT($A19,"aaaa-mm")&"_"&$G$2&"_"&I$3,tblAsistencias[],6,FALSE)), "") | J19: =IFERROR(IF(ISBLANK(VLOOKUP(TEXT($A19,"aaaa-mm")&"_"&$G$2&"_"&J$3,tblAsistencias[],6,FALSE)), VLOOKUP(TEXT($A19,"aaaa-mm")&"_"&$G$2&"_"&J$3,tblAsistencias[],7,FALSE), VLOOKUP(TEXT($A19,"aaaa-mm")&"_"&$G$2&"_"&J$3,tblAsistencias[],6,FALSE)), "") | K19: =IFERROR(IF(ISBLANK(VLOOKUP(TEXT($A19,"aaaa-mm")&"_"&$G$2&"_"&K$3,tblAsistencias[],6,FALSE)), VLOOKUP(TEXT($A19,"aaaa-mm")&"_"&$G$2&"_"&K$3,tblAsistencias[],7,FALSE), VLOOKUP(TEXT($A19,"aaaa-mm")&"_"&$G$2&"_"&K$3,tblAsistencias[],6,FALSE)), "") | M19: D | N19: L | O19: M | P19: M | Q19: J | R19: V | S19: S
A20: 45962 | B20: =IFERROR(IF(ISBLANK(VLOOKUP(TEXT($A20,"aaaa-mm")&"_"&$B$2&"_"&B$3,tblAsistencias[],6,FALSE)), VLOOKUP(TEXT($A20,"aaaa-mm")&"_"&$B$2&"_"&B$3,tblAsistencias[],7,FALSE), VLOOKUP(TEXT($A20,"aaaa-mm")&"_"&$B$2&"_"&B$3,tblAsistencias[],6,FALSE)), "") | C20: =IFERROR(IF(ISBLANK(VLOOKUP(TEXT($A20,"aaaa-mm")&"_"&$B$2&"_"&C$3,tblAsistencias[],6,FALSE)), VLOOKUP(TEXT($A20,"aaaa-mm")&"_"&$B$2&"_"&C$3,tblAsistencias[],7,FALSE), VLOOKUP(TEXT($A20,"aaaa-mm")&"_"&$B$2&"_"&C$3,tblAsistencias[],6,FALSE)), "") | D20: =IFERROR(IF(ISBLANK(VLOOKUP(TEXT($A20,"aaaa-mm")&"_"&$B$2&"_"&D$3,tblAsistencias[],6,FALSE)), VLOOKUP(TEXT($A20,"aaaa-mm")&"_"&$B$2&"_"&D$3,tblAsistencias[],7,FALSE), VLOOKUP(TEXT($A20,"aaaa-mm")&"_"&$B$2&"_"&D$3,tblAsistencias[],6,FALSE)), "") | E20: =IFERROR(IF(ISBLANK(VLOOKUP(TEXT($A20,"aaaa-mm")&"_"&$B$2&"_"&E$3,tblAsistencias[],6,FALSE)), VLOOKUP(TEXT($A20,"aaaa-mm")&"_"&$B$2&"_"&E$3,tblAsistencias[],7,FALSE), VLOOKUP(TEXT($A20,"aaaa-mm")&"_"&$B$2&"_"&E$3,tblAsistencias[],6,FALSE)), "") | F20: =IFERROR(IF(ISBLANK(VLOOKUP(TEXT($A20,"aaaa-mm")&"_"&$B$2&"_"&F$3,tblAsistencias[],6,FALSE)), VLOOKUP(TEXT($A20,"aaaa-mm")&"_"&$B$2&"_"&F$3,tblAsistencias[],7,FALSE), VLOOKUP(TEXT($A20,"aaaa-mm")&"_"&$B$2&"_"&F$3,tblAsistencias[],6,FALSE)), "") | G20: =IFERROR(IF(ISBLANK(VLOOKUP(TEXT($A20,"aaaa-mm")&"_"&$G$2&"_"&G$3,tblAsistencias[],6,FALSE)), VLOOKUP(TEXT($A20,"aaaa-mm")&"_"&$G$2&"_"&G$3,tblAsistencias[],7,FALSE), VLOOKUP(TEXT($A20,"aaaa-mm")&"_"&$G$2&"_"&G$3,tblAsistencias[],6,FALSE)), "") | H20: =IFERROR(IF(ISBLANK(VLOOKUP(TEXT($A20,"aaaa-mm")&"_"&$G$2&"_"&H$3,tblAsistencias[],6,FALSE)), VLOOKUP(TEXT($A20,"aaaa-mm")&"_"&$G$2&"_"&H$3,tblAsistencias[],7,FALSE), VLOOKUP(TEXT($A20,"aaaa-mm")&"_"&$G$2&"_"&H$3,tblAsistencias[],6,FALSE)), "") | I20: =IFERROR(IF(ISBLANK(VLOOKUP(TEXT($A20,"aaaa-mm")&"_"&$G$2&"_"&I$3,tblAsistencias[],6,FALSE)), VLOOKUP(TEXT($A20,"aaaa-mm")&"_"&$G$2&"_"&I$3,tblAsistencias[],7,FALSE), VLOOKUP(TEXT($A20,"aaaa-mm")&"_"&$G$2&"_"&I$3,tblAsistencias[],6,FALSE)), "") | J20: =IFERROR(IF(ISBLANK(VLOOKUP(TEXT($A20,"aaaa-mm")&"_"&$G$2&"_"&J$3,tblAsistencias[],6,FALSE)), VLOOKUP(TEXT($A20,"aaaa-mm")&"_"&$G$2&"_"&J$3,tblAsistencias[],7,FALSE), VLOOKUP(TEXT($A20,"aaaa-mm")&"_"&$G$2&"_"&J$3,tblAsistencias[],6,FALSE)), "") | K20: =IFERROR(IF(ISBLANK(VLOOKUP(TEXT($A20,"aaaa-mm")&"_"&$G$2&"_"&K$3,tblAsistencias[],6,FALSE)), VLOOKUP(TEXT($A20,"aaaa-mm")&"_"&$G$2&"_"&K$3,tblAsistencias[],7,FALSE), VLOOKUP(TEXT($A20,"aaaa-mm")&"_"&$G$2&"_"&K$3,tblAsistencias[],6,FALSE)), "") | M20: =IF($N$16=M17,1,IF($N$16>M17,"",L20+1)) | N20: =IF($N$16=N17,1,IF($N$16>N17,"",M20+1)) -> 1 | O20: =IF($N$16=O17,1,IF($N$16>O17,"",N20+1)) -> 2 | P20: =IF($N$16=P17,1,IF($N$16>P17,"",O20+1)) -> 3 | Q20: =IF($N$16=Q17,1,IF($N$16>Q17,"",P20+1)) -> 4 | R20: =IF($N$16=R17,1,IF($N$16>R17,"",Q20+1)) -> 5 | S20: =IF($N$16=S17,1,IF($N$16>S17,"",R20+1)) -> 6
A21: 45992 | B21: =IFERROR(IF(ISBLANK(VLOOKUP(TEXT($A21,"aaaa-mm")&"_"&$B$2&"_"&B$3,tblAsistencias[],6,FALSE)), VLOOKUP(TEXT($A21,"aaaa-mm")&"_"&$B$2&"_"&B$3,tblAsistencias[],7,FALSE), VLOOKUP(TEXT($A21,"aaaa-mm")&"_"&$B$2&"_"&B$3,tblAsistencias[],6,FALSE)), "") | C21: =IFERROR(IF(ISBLANK(VLOOKUP(TEXT($A21,"aaaa-mm")&"_"&$B$2&"_"&C$3,tblAsistencias[],6,FALSE)), VLOOKUP(TEXT($A21,"aaaa-mm")&"_"&$B$2&"_"&C$3,tblAsistencias[],7,FALSE), VLOOKUP(TEXT($A21,"aaaa-mm")&"_"&$B$2&"_"&C$3,tblAsistencias[],6,FALSE)), "") | D21: =IFERROR(IF(ISBLANK(VLOOKUP(TEXT($A21,"aaaa-mm")&"_"&$B$2&"_"&D$3,tblAsistencias[],6,FALSE)), VLOOKUP(TEXT($A21,"aaaa-mm")&"_"&$B$2&"_"&D$3,tblAsistencias[],7,FALSE), VLOOKUP(TEXT($A21,"aaaa-mm")&"_"&$B$2&"_"&D$3,tblAsistencias[],6,FALSE)), "") | E21: =IFERROR(IF(ISBLANK(VLOOKUP(TEXT($A21,"aaaa-mm")&"_"&$B$2&"_"&E$3,tblAsistencias[],6,FALSE)), VLOOKUP(TEXT($A21,"aaaa-mm")&"_"&$B$2&"_"&E$3,tblAsistencias[],7,FALSE), VLOOKUP(TEXT($A21,"aaaa-mm")&"_"&$B$2&"_"&E$3,tblAsistencias[],6,FALSE)), "") | F21: =IFERROR(IF(ISBLANK(VLOOKUP(TEXT($A21,"aaaa-mm")&"_"&$B$2&"_"&F$3,tblAsistencias[],6,FALSE)), VLOOKUP(TEXT($A21,"aaaa-mm")&"_"&$B$2&"_"&F$3,tblAsistencias[],7,FALSE), VLOOKUP(TEXT($A21,"aaaa-mm")&"_"&$B$2&"_"&F$3,tblAsistencias[],6,FALSE)), "") | G21: =IFERROR(IF(ISBLANK(VLOOKUP(TEXT($A21,"aaaa-mm")&"_"&$G$2&"_"&G$3,tblAsistencias[],6,FALSE)), VLOOKUP(TEXT($A21,"aaaa-mm")&"_"&$G$2&"_"&G$3,tblAsistencias[],7,FALSE), VLOOKUP(TEXT($A21,"aaaa-mm")&"_"&$G$2&"_"&G$3,tblAsistencias[],6,FALSE)), "") | H21: =IFERROR(IF(ISBLANK(VLOOKUP(TEXT($A21,"aaaa-mm")&"_"&$G$2&"_"&H$3,tblAsistencias[],6,FALSE)), VLOOKUP(TEXT($A21,"aaaa-mm")&"_"&$G$2&"_"&H$3,tblAsistencias[],7,FALSE), VLOOKUP(TEXT($A21,"aaaa-mm")&"_"&$G$2&"_"&H$3,tblAsistencias[],6,FALSE)), "") | I21: =IFERROR(IF(ISBLANK(VLOOKUP(TEXT($A21,"aaaa-mm")&"_"&$G$2&"_"&I$3,tblAsistencias[],6,FALSE)), VLOOKUP(TEXT($A21,"aaaa-mm")&"_"&$G$2&"_"&I$3,tblAsistencias[],7,FALSE), VLOOKUP(TEXT($A21,"aaaa-mm")&"_"&$G$2&"_"&I$3,tblAsistencias[],6,FALSE)), "") | J21: =IFERROR(IF(ISBLANK(VLOOKUP(TEXT($A21,"aaaa-mm")&"_"&$G$2&"_"&J$3,tblAsistencias[],6,FALSE)), VLOOKUP(TEXT($A21,"aaaa-mm")&"_"&$G$2&"_"&J$3,tblAsistencias[],7,FALSE), VLOOKUP(TEXT($A21,"aaaa-mm")&"_"&$G$2&"_"&J$3,tblAsistencias[],6,FALSE)), "") | K21: =IFERROR(IF(ISBLANK(VLOOKUP(TEXT($A21,"aaaa-mm")&"_"&$G$2&"_"&K$3,tblAsistencias[],6,FALSE)), VLOOKUP(TEXT($A21,"aaaa-mm")&"_"&$G$2&"_"&K$3,tblAsistencias[],7,FALSE), VLOOKUP(TEXT($A21,"aaaa-mm")&"_"&$G$2&"_"&K$3,tblAsistencias[],6,FALSE)), "") | M21: =S20+1 -> 7 | N21: =M21+1 -> 8 | O21: =N21+1 -> 9 | P21: =O21+1 -> 10 | Q21: =P21+1 -> 11 | R21: =Q21+1 -> 12 | S21: =R21+1 -> 13
A22: 46023 | B22: =IFERROR(IF(ISBLANK(VLOOKUP(TEXT($A22,"aaaa-mm")&"_"&$B$2&"_"&B$3,tblAsistencias[],6,FALSE)), VLOOKUP(TEXT($A22,"aaaa-mm")&"_"&$B$2&"_"&B$3,tblAsistencias[],7,FALSE), VLOOKUP(TEXT($A22,"aaaa-mm")&"_"&$B$2&"_"&B$3,tblAsistencias[],6,FALSE)), "") | C22: =IFERROR(IF(ISBLANK(VLOOKUP(TEXT($A22,"aaaa-mm")&"_"&$B$2&"_"&C$3,tblAsistencias[],6,FALSE)), VLOOKUP(TEXT($A22,"aaaa-mm")&"_"&$B$2&"_"&C$3,tblAsistencias[],7,FALSE), VLOOKUP(TEXT($A22,"aaaa-mm")&"_"&$B$2&"_"&C$3,tblAsistencias[],6,FALSE)), "") | D22: =IFERROR(IF(ISBLANK(VLOOKUP(TEXT($A22,"aaaa-mm")&"_"&$B$2&"_"&D$3,tblAsistencias[],6,FALSE)), VLOOKUP(TEXT($A22,"aaaa-mm")&"_"&$B$2&"_"&D$3,tblAsistencias[],7,FALSE), VLOOKUP(TEXT($A22,"aaaa-mm")&"_"&$B$2&"_"&D$3,tblAsistencias[],6,FALSE)), "") | E22: =IFERROR(IF(ISBLANK(VLOOKUP(TEXT($A22,"aaaa-mm")&"_"&$B$2&"_"&E$3,tblAsistencias[],6,FALSE)), VLOOKUP(TEXT($A22,"aaaa-mm")&"_"&$B$2&"_"&E$3,tblAsistencias[],7,FALSE), VLOOKUP(TEXT($A22,"aaaa-mm")&"_"&$B$2&"_"&E$3,tblAsistencias[],6,FALSE)), "") | F22: =IFERROR(IF(ISBLANK(VLOOKUP(TEXT($A22,"aaaa-mm")&"_"&$B$2&"_"&F$3,tblAsistencias[],6,FALSE)), VLOOKUP(TEXT($A22,"aaaa-mm")&"_"&$B$2&"_"&F$3,tblAsistencias[],7,FALSE), VLOOKUP(TEXT($A22,"aaaa-mm")&"_"&$B$2&"_"&F$3,tblAsistencias[],6,FALSE)), "") | G22: =IFERROR(IF(ISBLANK(VLOOKUP(TEXT($A22,"aaaa-mm")&"_"&$G$2&"_"&G$3,tblAsistencias[],6,FALSE)), VLOOKUP(TEXT($A22,"aaaa-mm")&"_"&$G$2&"_"&G$3,tblAsistencias[],7,FALSE), VLOOKUP(TEXT($A22,"aaaa-mm")&"_"&$G$2&"_"&G$3,tblAsistencias[],6,FALSE)), "") | H22: =IFERROR(IF(ISBLANK(VLOOKUP(TEXT($A22,"aaaa-mm")&"_"&$G$2&"_"&H$3,tblAsistencias[],6,FALSE)), VLOOKUP(TEXT($A22,"aaaa-mm")&"_"&$G$2&"_"&H$3,tblAsistencias[],7,FALSE), VLOOKUP(TEXT($A22,"aaaa-mm")&"_"&$G$2&"_"&H$3,tblAsistencias[],6,FALSE)), "") | I22: =IFERROR(IF(ISBLANK(VLOOKUP(TEXT($A22,"aaaa-mm")&"_"&$G$2&"_"&I$3,tblAsistencias[],6,FALSE)), VLOOKUP(TEXT($A22,"aaaa-mm")&"_"&$G$2&"_"&I$3,tblAsistencias[],7,FALSE), VLOOKUP(TEXT($A22,"aaaa-mm")&"_"&$G$2&"_"&I$3,tblAsistencias[],6,FALSE)), "") | J22: =IFERROR(IF(ISBLANK(VLOOKUP(TEXT($A22,"aaaa-mm")&"_"&$G$2&"_"&J$3,tblAsistencias[],6,FALSE)), VLOOKUP(TEXT($A22,"aaaa-mm")&"_"&$G$2&"_"&J$3,tblAsistencias[],7,FALSE), VLOOKUP(TEXT($A22,"aaaa-mm")&"_"&$G$2&"_"&J$3,tblAsistencias[],6,FALSE)), "") | K22: =IFERROR(IF(ISBLANK(VLOOKUP(TEXT($A22,"aaaa-mm")&"_"&$G$2&"_"&K$3,tblAsistencias[],6,FALSE)), VLOOKUP(TEXT($A22,"aaaa-mm")&"_"&$G$2&"_"&K$3,tblAsistencias[],7,FALSE), VLOOKUP(TEXT($A22,"aaaa-mm")&"_"&$G$2&"_"&K$3,tblAsistencias[],6,FALSE)), "") | M22: =S21+1 -> 14 | N22: =M22+1 -> 15 | O22: =N22+1 -> 16 | P22: =O22+1 -> 17 | Q22: =P22+1 -> 18 | R22: =Q22+1 -> 19 | S22: =R22+1 -> 20
A23: 46054 | B23: =IFERROR(IF(ISBLANK(VLOOKUP(TEXT($A23,"aaaa-mm")&"_"&$B$2&"_"&B$3,tblAsistencias[],6,FALSE)), VLOOKUP(TEXT($A23,"aaaa-mm")&"_"&$B$2&"_"&B$3,tblAsistencias[],7,FALSE), VLOOKUP(TEXT($A23,"aaaa-mm")&"_"&$B$2&"_"&B$3,tblAsistencias[],6,FALSE)), "") | C23: =IFERROR(IF(ISBLANK(VLOOKUP(TEXT($A23,"aaaa-mm")&"_"&$B$2&"_"&C$3,tblAsistencias[],6,FALSE)), VLOOKUP(TEXT($A23,"aaaa-mm")&"_"&$B$2&"_"&C$3,tblAsistencias[],7,FALSE), VLOOKUP(TEXT($A23,"aaaa-mm")&"_"&$B$2&"_"&C$3,tblAsistencias[],6,FALSE)), "") | D23: =IFERROR(IF(ISBLANK(VLOOKUP(TEXT($A23,"aaaa-mm")&"_"&$B$2&"_"&D$3,tblAsistencias[],6,FALSE)), VLOOKUP(TEXT($A23,"aaaa-mm")&"_"&$B$2&"_"&D$3,tblAsistencias[],7,FALSE), VLOOKUP(TEXT($A23,"aaaa-mm")&"_"&$B$2&"_"&D$3,tblAsistencias[],6,FALSE)), "") | E23: =IFERROR(IF(ISBLANK(VLOOKUP(TEXT($A23,"aaaa-mm")&"_"&$B$2&"_"&E$3,tblAsistencias[],6,FALSE)), VLOOKUP(TEXT($A23,"aaaa-mm")&"_"&$B$2&"_"&E$3,tblAsistencias[],7,FALSE), VLOOKUP(TEXT($A23,"aaaa-mm")&"_"&$B$2&"_"&E$3,tblAsistencias[],6,FALSE)), "") | F23: =IFERROR(IF(ISBLANK(VLOOKUP(TEXT($A23,"aaaa-mm")&"_"&$B$2&"_"&F$3,tblAsistencias[],6,FALSE)), VLOOKUP(TEXT($A23,"aaaa-mm")&"_"&$B$2&"_"&F$3,tblAsistencias[],7,FALSE), VLOOKUP(TEXT($A23,"aaaa-mm")&"_"&$B$2&"_"&F$3,tblAsistencias[],6,FALSE)), "") | G23: =IFERROR(IF(ISBLANK(VLOOKUP(TEXT($A23,"aaaa-mm")&"_"&$G$2&"_"&G$3,tblAsistencias[],6,FALSE)), VLOOKUP(TEXT($A23,"aaaa-mm")&"_"&$G$2&"_"&G$3,tblAsistencias[],7,FALSE), VLOOKUP(TEXT($A23,"aaaa-mm")&"_"&$G$2&"_"&G$3,tblAsistencias[],6,FALSE)), "") | H23: =IFERROR(IF(ISBLANK(VLOOKUP(TEXT($A23,"aaaa-mm")&"_"&$G$2&"_"&H$3,tblAsistencias[],6,FALSE)), VLOOKUP(TEXT($A23,"aaaa-mm")&"_"&$G$2&"_"&H$3,tblAsistencias[],7,FALSE), VLOOKUP(TEXT($A23,"aaaa-mm")&"_"&$G$2&"_"&H$3,tblAsistencias[],6,FALSE)), "") | I23: =IFERROR(IF(ISBLANK(VLOOKUP(TEXT($A23,"aaaa-mm")&"_"&$G$2&"_"&I$3,tblAsistencias[],6,FALSE)), VLOOKUP(TEXT($A23,"aaaa-mm")&"_"&$G$2&"_"&I$3,tblAsistencias[],7,FALSE), VLOOKUP(TEXT($A23,"aaaa-mm")&"_"&$G$2&"_"&I$3,tblAsistencias[],6,FALSE)), "") | J23: =IFERROR(IF(ISBLANK(VLOOKUP(TEXT($A23,"aaaa-mm")&"_"&$G$2&"_"&J$3,tblAsistencias[],6,FALSE)), VLOOKUP(TEXT($A23,"aaaa-mm")&"_"&$G$2&"_"&J$3,tblAsistencias[],7,FALSE), VLOOKUP(TEXT($A23,"aaaa-mm")&"_"&$G$2&"_"&J$3,tblAsistencias[],6,FALSE)), "") | K23: =IFERROR(IF(ISBLANK(VLOOKUP(TEXT($A23,"aaaa-mm")&"_"&$G$2&"_"&K$3,tblAsistencias[],6,FALSE)), VLOOKUP(TEXT($A23,"aaaa-mm")&"_"&$G$2&"_"&K$3,tblAsistencias[],7,FALSE), VLOOKUP(TEXT($A23,"aaaa-mm")&"_"&$G$2&"_"&K$3,tblAsistencias[],6,FALSE)), "") | M23: =S22+1 -> 21 | N23: =M23+1 -> 22 | O23: =N23+1 -> 23 | P23: =O23+1 -> 24 | Q23: =P23+1 -> 25 | R23: =Q23+1 -> 26 | S23: =R23+1 -> 27
A24: 46082 | B24: =IFERROR(IF(ISBLANK(VLOOKUP(TEXT($A24,"aaaa-mm")&"_"&$B$2&"_"&B$3,tblAsistencias[],6,FALSE)), VLOOKUP(TEXT($A24,"aaaa-mm")&"_"&$B$2&"_"&B$3,tblAsistencias[],7,FALSE), VLOOKUP(TEXT($A24,"aaaa-mm")&"_"&$B$2&"_"&B$3,tblAsistencias[],6,FALSE)), "") | C24: =IFERROR(IF(ISBLANK(VLOOKUP(TEXT($A24,"aaaa-mm")&"_"&$B$2&"_"&C$3,tblAsistencias[],6,FALSE)), VLOOKUP(TEXT($A24,"aaaa-mm")&"_"&$B$2&"_"&C$3,tblAsistencias[],7,FALSE), VLOOKUP(TEXT($A24,"aaaa-mm")&"_"&$B$2&"_"&C$3,tblAsistencias[],6,FALSE)), "") | D24: =IFERROR(IF(ISBLANK(VLOOKUP(TEXT($A24,"aaaa-mm")&"_"&$B$2&"_"&D$3,tblAsistencias[],6,FALSE)), VLOOKUP(TEXT($A24,"aaaa-mm")&"_"&$B$2&"_"&D$3,tblAsistencias[],7,FALSE), VLOOKUP(TEXT($A24,"aaaa-mm")&"_"&$B$2&"_"&D$3,tblAsistencias[],6,FALSE)), "") | E24: =IFERROR(IF(ISBLANK(VLOOKUP(TEXT($A24,"aaaa-mm")&"_"&$B$2&"_"&E$3,tblAsistencias[],6,FALSE)), VLOOKUP(TEXT($A24,"aaaa-mm")&"_"&$B$2&"_"&E$3,tblAsistencias[],7,FALSE), VLOOKUP(TEXT($A24,"aaaa-mm")&"_"&$B$2&"_"&E$3,tblAsistencias[],6,FALSE)), "") | F24: =IFERROR(IF(ISBLANK(VLOOKUP(TEXT($A24,"aaaa-mm")&"_"&$B$2&"_"&F$3,tblAsistencias[],6,FALSE)), VLOOKUP(TEXT($A24,"aaaa-mm")&"_"&$B$2&"_"&F$3,tblAsistencias[],7,FALSE), VLOOKUP(TEXT($A24,"aaaa-mm")&"_"&$B$2&"_"&F$3,tblAsistencias[],6,FALSE)), "") | G24: =IFERROR(IF(ISBLANK(VLOOKUP(TEXT($A24,"aaaa-mm")&"_"&$G$2&"_"&G$3,tblAsistencias[],6,FALSE)), VLOOKUP(TEXT($A24,"aaaa-mm")&"_"&$G$2&"_"&G$3,tblAsistencias[],7,FALSE), VLOOKUP(TEXT($A24,"aaaa-mm")&"_"&$G$2&"_"&G$3,tblAsistencias[],6,FALSE)), "") | H24: =IFERROR(IF(ISBLANK(VLOOKUP(TEXT($A24,"aaaa-mm")&"_"&$G$2&"_"&H$3,tblAsistencias[],6,FALSE)), VLOOKUP(TEXT($A24,"aaaa-mm")&"_"&$G$2&"_"&H$3,tblAsistencias[],7,FALSE), VLOOKUP(TEXT($A24,"aaaa-mm")&"_"&$G$2&"_"&H$3,tblAsistencias[],6,FALSE)), "") | I24: =IFERROR(IF(ISBLANK(VLOOKUP(TEXT($A24,"aaaa-mm")&"_"&$G$2&"_"&I$3,tblAsistencias[],6,FALSE)), VLOOKUP(TEXT($A24,"aaaa-mm")&"_"&$G$2&"_"&I$3,tblAsistencias[],7,FALSE), VLOOKUP(TEXT($A24,"aaaa-mm")&"_"&$G$2&"_"&I$3,tblAsistencias[],6,FALSE)), "") | J24: =IFERROR(IF(ISBLANK(VLOOKUP(TEXT($A24,"aaaa-mm")&"_"&$G$2&"_"&J$3,tblAsistencias[],6,FALSE)), VLOOKUP(TEXT($A24,"aaaa-mm")&"_"&$G$2&"_"&J$3,tblAsistencias[],7,FALSE), VLOOKUP(TEXT($A24,"aaaa-mm")&"_"&$G$2&"_"&J$3,tblAsistencias[],6,FALSE)), "") | K24: =IFERROR(IF(ISBLANK(VLOOKUP(TEXT($A24,"aaaa-mm")&"_"&$G$2&"_"&K$3,tblAsistencias[],6,FALSE)), VLOOKUP(TEXT($A24,"aaaa-mm")&"_"&$G$2&"_"&K$3,tblAsistencias[],7,FALSE), VLOOKUP(TEXT($A24,"aaaa-mm")&"_"&$G$2&"_"&K$3,tblAsistencias[],6,FALSE)), "") | M24: =S23+1 -> 28 | N24: =IF(M24="","",IF(M24+1>DAY(EDATE($M$18,1)-1),"",M24+1)) -> 29 | O24: =IF(N24="","",IF(N24+1>DAY(EDATE($M$18,1)-1),"",N24+1)) -> 30 | P24: =IF(O24="","",IF(O24+1>DAY(EDATE($M$18,1)-1),"",O24+1)) -> 31 | Q24: =IF(P24="","",IF(P24+1>DAY(EDATE($M$18,1)-1),"",P24+1)) | R24: =IF(Q24="","",IF(Q24+1>DAY(EDATE($M$18,1)-1),"",Q24+1)) | S24: =IF(R24="","",IF(R24+1>DAY(EDATE($M$18,1)-1),"",R24+1))
A25: 46113 | B25: =IFERROR(IF(ISBLANK(VLOOKUP(TEXT($A25,"aaaa-mm")&"_"&$B$2&"_"&B$3,tblAsistencias[],6,FALSE)), VLOOKUP(TEXT($A25,"aaaa-mm")&"_"&$B$2&"_"&B$3,tblAsistencias[],7,FALSE), VLOOKUP(TEXT($A25,"aaaa-mm")&"_"&$B$2&"_"&B$3,tblAsistencias[],6,FALSE)), "") | C25: =IFERROR(IF(ISBLANK(VLOOKUP(TEXT($A25,"aaaa-mm")&"_"&$B$2&"_"&C$3,tblAsistencias[],6,FALSE)), VLOOKUP(TEXT($A25,"aaaa-mm")&"_"&$B$2&"_"&C$3,tblAsistencias[],7,FALSE), VLOOKUP(TEXT($A25,"aaaa-mm")&"_"&$B$2&"_"&C$3,tblAsistencias[],6,FALSE)), "") | D25: =IFERROR(IF(ISBLANK(VLOOKUP(TEXT($A25,"aaaa-mm")&"_"&$B$2&"_"&D$3,tblAsistencias[],6,FALSE)), VLOOKUP(TEXT($A25,"aaaa-mm")&"_"&$B$2&"_"&D$3,tblAsistencias[],7,FALSE), VLOOKUP(TEXT($A25,"aaaa-mm")&"_"&$B$2&"_"&D$3,tblAsistencias[],6,FALSE)), "") | E25: =IFERROR(IF(ISBLANK(VLOOKUP(TEXT($A25,"aaaa-mm")&"_"&$B$2&"_"&E$3,tblAsistencias[],6,FALSE)), VLOOKUP(TEXT($A25,"aaaa-mm")&"_"&$B$2&"_"&E$3,tblAsistencias[],7,FALSE), VLOOKUP(TEXT($A25,"aaaa-mm")&"_"&$B$2&"_"&E$3,tblAsistencias[],6,FALSE)), "") | F25: =IFERROR(IF(ISBLANK(VLOOKUP(TEXT($A25,"aaaa-mm")&"_"&$B$2&"_"&F$3,tblAsistencias[],6,FALSE)), VLOOKUP(TEXT($A25,"aaaa-mm")&"_"&$B$2&"_"&F$3,tblAsistencias[],7,FALSE), VLOOKUP(TEXT($A25,"aaaa-mm")&"_"&$B$2&"_"&F$3,tblAsistencias[],6,FALSE)), "") | G25: =IFERROR(IF(ISBLANK(VLOOKUP(TEXT($A25,"aaaa-mm")&"_"&$G$2&"_"&G$3,tblAsistencias[],6,FALSE)), VLOOKUP(TEXT($A25,"aaaa-mm")&"_"&$G$2&"_"&G$3,tblAsistencias[],7,FALSE), VLOOKUP(TEXT($A25,"aaaa-mm")&"_"&$G$2&"_"&G$3,tblAsistencias[],6,FALSE)), "") | H25: =IFERROR(IF(ISBLANK(VLOOKUP(TEXT($A25,"aaaa-mm")&"_"&$G$2&"_"&H$3,tblAsistencias[],6,FALSE)), VLOOKUP(TEXT($A25,"aaaa-mm")&"_"&$G$2&"_"&H$3,tblAsistencias[],7,FALSE), VLOOKUP(TEXT($A25,"aaaa-mm")&"_"&$G$2&"_"&H$3,tblAsistencias[],6,FALSE)), "") | I25: =IFERROR(IF(ISBLANK(VLOOKUP(TEXT($A25,"aaaa-mm")&"_"&$G$2&"_"&I$3,tblAsistencias[],6,FALSE)), VLOOKUP(TEXT($A25,"aaaa-mm")&"_"&$G$2&"_"&I$3,tblAsistencias[],7,FALSE), VLOOKUP(TEXT($A25,"aaaa-mm")&"_"&$G$2&"_"&I$3,tblAsistencias[],6,FALSE)), "") | J25: =IFERROR(IF(ISBLANK(VLOOKUP(TEXT($A25,"aaaa-mm")&"_"&$G$2&"_"&J$3,tblAsistencias[],6,FALSE)), VLOOKUP(TEXT($A25,"aaaa-mm")&"_"&$G$2&"_"&J$3,tblAsistencias[],7,FALSE), VLOOKUP(TEXT($A25,"aaaa-mm")&"_"&$G$2&"_"&J$3,tblAsistencias[],6,FALSE)), "") | K25: =IFERROR(IF(ISBLANK(VLOOKUP(TEXT($A25,"aaaa-mm")&"_"&$G$2&"_"&K$3,tblAsistencias[],6,FALSE)), VLOOKUP(TEXT($A25,"aaaa-mm")&"_"&$G$2&"_"&K$3,tblAsistencias[],7,FALSE), VLOOKUP(TEXT($A25,"aaaa-mm")&"_"&$G$2&"_"&K$3,tblAsistencias[],6,FALSE)), "") | M25: =IF(S24="","",IF(S24+1>DAY(EDATE($M$18,1)-1),"",S24+1)) | N25: =IF(M25="","",IF(M25+1>DAY(EDATE($M$18,1)-1),"",M25+1))
A26: 46143 | B26: =IFERROR(IF(ISBLANK(VLOOKUP(TEXT($A26,"aaaa-mm")&"_"&$B$2&"_"&B$3,tblAsistencias[],6,FALSE)), VLOOKUP(TEXT($A26,"aaaa-mm")&"_"&$B$2&"_"&B$3,tblAsistencias[],7,FALSE), VLOOKUP(TEXT($A26,"aaaa-mm")&"_"&$B$2&"_"&B$3,tblAsistencias[],6,FALSE)), "") | C26: =IFERROR(IF(ISBLANK(VLOOKUP(TEXT($A26,"aaaa-mm")&"_"&$B$2&"_"&C$3,tblAsistencias[],6,FALSE)), VLOOKUP(TEXT($A26,"aaaa-mm")&"_"&$B$2&"_"&C$3,tblAsistencias[],7,FALSE), VLOOKUP(TEXT($A26,"aaaa-mm")&"_"&$B$2&"_"&C$3,tblAsistencias[],6,FALSE)), "") | D26: =IFERROR(IF(ISBLANK(VLOOKUP(TEXT($A26,"aaaa-mm")&"_"&$B$2&"_"&D$3,tblAsistencias[],6,FALSE)), VLOOKUP(TEXT($A26,"aaaa-mm")&"_"&$B$2&"_"&D$3,tblAsistencias[],7,FALSE), VLOOKUP(TEXT($A26,"aaaa-mm")&"_"&$B$2&"_"&D$3,tblAsistencias[],6,FALSE)), "") | E26: =IFERROR(IF(ISBLANK(VLOOKUP(TEXT($A26,"aaaa-mm")&"_"&$B$2&"_"&E$3,tblAsistencias[],6,FALSE)), VLOOKUP(TEXT($A26,"aaaa-mm")&"_"&$B$2&"_"&E$3,tblAsistencias[],7,FALSE), VLOOKUP(TEXT($A26,"aaaa-mm")&"_"&$B$2&"_"&E$3,tblAsistencias[],6,FALSE)), "") | F26: =IFERROR(IF(ISBLANK(VLOOKUP(TEXT($A26,"aaaa-mm")&"_"&$B$2&"_"&F$3,tblAsistencias[],6,FALSE)), VLOOKUP(TEXT($A26,"aaaa-mm")&"_"&$B$2&"_"&F$3,tblAsistencias[],7,FALSE), VLOOKUP(TEXT($A26,"aaaa-mm")&"_"&$B$2&"_"&F$3,tblAsistencias[],6,FALSE)), "") | G26: =IFERROR(IF(ISBLANK(VLOOKUP(TEXT($A26,"aaaa-mm")&"_"&$G$2&"_"&G$3,tblAsistencias[],6,FALSE)), VLOOKUP(TEXT($A26,"aaaa-mm")&"_"&$G$2&"_"&G$3,tblAsistencias[],7,FALSE), VLOOKUP(TEXT($A26,"aaaa-mm")&"_"&$G$2&"_"&G$3,tblAsistencias[],6,FALSE)), "") | H26: =IFERROR(IF(ISBLANK(VLOOKUP(TEXT($A26,"aaaa-mm")&"_"&$G$2&"_"&H$3,tblAsistencias[],6,FALSE)), VLOOKUP(TEXT($A26,"aaaa-mm")&"_"&$G$2&"_"&H$3,tblAsistencias[],7,FALSE), VLOOKUP(TEXT($A26,"aaaa-mm")&"_"&$G$2&"_"&H$3,tblAsistencias[],6,FALSE)), "") | I26: =IFERROR(IF(ISBLANK(VLOOKUP(TEXT($A26,"aaaa-mm")&"_"&$G$2&"_"&I$3,tblAsistencias[],6,FALSE)), VLOOKUP(TEXT($A26,"aaaa-mm")&"_"&$G$2&"_"&I$3,tblAsistencias[],7,FALSE), VLOOKUP(TEXT($A26,"aaaa-mm")&"_"&$G$2&"_"&I$3,tblAsistencias[],6,FALSE)), "") | J26: =IFERROR(IF(ISBLANK(VLOOKUP(TEXT($A26,"aaaa-mm")&"_"&$G$2&"_"&J$3,tblAsistencias[],6,FALSE)), VLOOKUP(TEXT($A26,"aaaa-mm")&"_"&$G$2&"_"&J$3,tblAsistencias[],7,FALSE), VLOOKUP(TEXT($A26,"aaaa-mm")&"_"&$G$2&"_"&J$3,tblAsistencias[],6,FALSE)), "") | K26: =IFERROR(IF(ISBLANK(VLOOKUP(TEXT($A26,"aaaa-mm")&"_"&$G$2&"_"&K$3,tblAsistencias[],6,FALSE)), VLOOKUP(TEXT($A26,"aaaa-mm")&"_"&$G$2&"_"&K$3,tblAsistencias[],7,FALSE), VLOOKUP(TEXT($A26,"aaaa-mm")&"_"&$G$2&"_"&K$3,tblAsistencias[],6,FALSE)), "")
A27: 46174 | B27: =IFERROR(IF(ISBLANK(VLOOKUP(TEXT($A27,"aaaa-mm")&"_"&$B$2&"_"&B$3,tblAsistencias[],6,FALSE)), VLOOKUP(TEXT($A27,"aaaa-mm")&"_"&$B$2&"_"&B$3,tblAsistencias[],7,FALSE), VLOOKUP(TEXT($A27,"aaaa-mm")&"_"&$B$2&"_"&B$3,tblAsistencias[],6,FALSE)), "") | C27: =IFERROR(IF(ISBLANK(VLOOKUP(TEXT($A27,"aaaa-mm")&"_"&$B$2&"_"&C$3,tblAsistencias[],6,FALSE)), VLOOKUP(TEXT($A27,"aaaa-mm")&"_"&$B$2&"_"&C$3,tblAsistencias[],7,FALSE), VLOOKUP(TEXT($A27,"aaaa-mm")&"_"&$B$2&"_"&C$3,tblAsistencias[],6,FALSE)), "") | D27: =IFERROR(IF(ISBLANK(VLOOKUP(TEXT($A27,"aaaa-mm")&"_"&$B$2&"_"&D$3,tblAsistencias[],6,FALSE)), VLOOKUP(TEXT($A27,"aaaa-mm")&"_"&$B$2&"_"&D$3,tblAsistencias[],7,FALSE), VLOOKUP(TEXT($A27,"aaaa-mm")&"_"&$B$2&"_"&D$3,tblAsistencias[],6,FALSE)), "") | E27: =IFERROR(IF(ISBLANK(VLOOKUP(TEXT($A27,"aaaa-mm")&"_"&$B$2&"_"&E$3,tblAsistencias[],6,FALSE)), VLOOKUP(TEXT($A27,"aaaa-mm")&"_"&$B$2&"_"&E$3,tblAsistencias[],7,FALSE), VLOOKUP(TEXT($A27,"aaaa-mm")&"_"&$B$2&"_"&E$3,tblAsistencias[],6,FALSE)), "") | F27: =IFERROR(IF(ISBLANK(VLOOKUP(TEXT($A27,"aaaa-mm")&"_"&$B$2&"_"&F$3,tblAsistencias[],6,FALSE)), VLOOKUP(TEXT($A27,"aaaa-mm")&"_"&$B$2&"_"&F$3,tblAsistencias[],7,FALSE), VLOOKUP(TEXT($A27,"aaaa-mm")&"_"&$B$2&"_"&F$3,tblAsistencias[],6,FALSE)), "") | G27: =IFERROR(IF(ISBLANK(VLOOKUP(TEXT($A27,"aaaa-mm")&"_"&$G$2&"_"&G$3,tblAsistencias[],6,FALSE)), VLOOKUP(TEXT($A27,"aaaa-mm")&"_"&$G$2&"_"&G$3,tblAsistencias[],7,FALSE), VLOOKUP(TEXT($A27,"aaaa-mm")&"_"&$G$2&"_"&G$3,tblAsistencias[],6,FALSE)), "") | H27: =IFERROR(IF(ISBLANK(VLOOKUP(TEXT($A27,"aaaa-mm")&"_"&$G$2&"_"&H$3,tblAsistencias[],6,FALSE)), VLOOKUP(TEXT($A27,"aaaa-mm")&"_"&$G$2&"_"&H$3,tblAsistencias[],7,FALSE), VLOOKUP(TEXT($A27,"aaaa-mm")&"_"&$G$2&"_"&H$3,tblAsistencias[],6,FALSE)), "") | I27: =IFERROR(IF(ISBLANK(VLOOKUP(TEXT($A27,"aaaa-mm")&"_"&$G$2&"_"&I$3,tblAsistencias[],6,FALSE)), VLOOKUP(TEXT($A27,"aaaa-mm")&"_"&$G$2&"_"&I$3,tblAsistencias[],7,FALSE), VLOOKUP(TEXT($A27,"aaaa-mm")&"_"&$G$2&"_"&I$3,tblAsistencias[],6,FALSE)), "") | J27: =IFERROR(IF(ISBLANK(VLOOKUP(TEXT($A27,"aaaa-mm")&"_"&$G$2&"_"&J$3,tblAsistencias[],6,FALSE)), VLOOKUP(TEXT($A27,"aaaa-mm")&"_"&$G$2&"_"&J$3,tblAsistencias[],7,FALSE), VLOOKUP(TEXT($A27,"aaaa-mm")&"_"&$G$2&"_"&J$3,tblAsistencias[],6,FALSE)), "") | K27: =IFERROR(IF(ISBLANK(VLOOKUP(TEXT($A27,"aaaa-mm")&"_"&$G$2&"_"&K$3,tblAsistencias[],6,FALSE)), VLOOKUP(TEXT($A27,"aaaa-mm")&"_"&$G$2&"_"&K$3,tblAsistencias[],7,FALSE), VLOOKUP(TEXT($A27,"aaaa-mm")&"_"&$G$2&"_"&K$3,tblAsistencias[],6,FALSE)), "")
A28: 46204 | B28: =IFERROR(IF(ISBLANK(VLOOKUP(TEXT($A28,"aaaa-mm")&"_"&$B$2&"_"&B$3,tblAsistencias[],6,FALSE)), VLOOKUP(TEXT($A28,"aaaa-mm")&"_"&$B$2&"_"&B$3,tblAsistencias[],7,FALSE), VLOOKUP(TEXT($A28,"aaaa-mm")&"_"&$B$2&"_"&B$3,tblAsistencias[],6,FALSE)), "") | C28: =IFERROR(IF(ISBLANK(VLOOKUP(TEXT($A28,"aaaa-mm")&"_"&$B$2&"_"&C$3,tblAsistencias[],6,FALSE)), VLOOKUP(TEXT($A28,"aaaa-mm")&"_"&$B$2&"_"&C$3,tblAsistencias[],7,FALSE), VLOOKUP(TEXT($A28,"aaaa-mm")&"_"&$B$2&"_"&C$3,tblAsistencias[],6,FALSE)), "") | D28: =IFERROR(IF(ISBLANK(VLOOKUP(TEXT($A28,"aaaa-mm")&"_"&$B$2&"_"&D$3,tblAsistencias[],6,FALSE)), VLOOKUP(TEXT($A28,"aaaa-mm")&"_"&$B$2&"_"&D$3,tblAsistencias[],7,FALSE), VLOOKUP(TEXT($A28,"aaaa-mm")&"_"&$B$2&"_"&D$3,tblAsistencias[],6,FALSE)), "") | E28: =IFERROR(IF(ISBLANK(VLOOKUP(TEXT($A28,"aaaa-mm")&"_"&$B$2&"_"&E$3,tblAsistencias[],6,FALSE)), VLOOKUP(TEXT($A28,"aaaa-mm")&"_"&$B$2&"_"&E$3,tblAsistencias[],7,FALSE), VLOOKUP(TEXT($A28,"aaaa-mm")&"_"&$B$2&"_"&E$3,tblAsistencias[],6,FALSE)), "") | F28: =IFERROR(IF(ISBLANK(VLOOKUP(TEXT($A28,"aaaa-mm")&"_"&$B$2&"_"&F$3,tblAsistencias[],6,FALSE)), VLOOKUP(TEXT($A28,"aaaa-mm")&"_"&$B$2&"_"&F$3,tblAsistencias[],7,FALSE), VLOOKUP(TEXT($A28,"aaaa-mm")&"_"&$B$2&"_"&F$3,tblAsistencias[],6,FALSE)), "") | G28: =IFERROR(IF(ISBLANK(VLOOKUP(TEXT($A28,"aaaa-mm")&"_"&$G$2&"_"&G$3,tblAsistencias[],6,FALSE)), VLOOKUP(TEXT($A28,"aaaa-mm")&"_"&$G$2&"_"&G$3,tblAsistencias[],7,FALSE), VLOOKUP(TEXT($A28,"aaaa-mm")&"_"&$G$2&"_"&G$3,tblAsistencias[],6,FALSE)), "") | H28: =IFERROR(IF(ISBLANK(VLOOKUP(TEXT($A28,"aaaa-mm")&"_"&$G$2&"_"&H$3,tblAsistencias[],6,FALSE)), VLOOKUP(TEXT($A28,"aaaa-mm")&"_"&$G$2&"_"&H$3,tblAsistencias[],7,FALSE), VLOOKUP(TEXT($A28,"aaaa-mm")&"_"&$G$2&"_"&H$3,tblAsistencias[],6,FALSE)), "") | I28: =IFERROR(IF(ISBLANK(VLOOKUP(TEXT($A28,"aaaa-mm")&"_"&$G$2&"_"&I$3,tblAsistencias[],6,FALSE)), VLOOKUP(TEXT($A28,"aaaa-mm")&"_"&$G$2&"_"&I$3,tblAsistencias[],7,FALSE), VLOOKUP(TEXT($A28,"aaaa-mm")&"_"&$G$2&"_"&I$3,tblAsistencias[],6,FALSE)), "") | J28: =IFERROR(IF(ISBLANK(VLOOKUP(TEXT($A28,"aaaa-mm")&"_"&$G$2&"_"&J$3,tblAsistencias[],6,FALSE)), VLOOKUP(TEXT($A28,"aaaa-mm")&"_"&$G$2&"_"&J$3,tblAsistencias[],7,FALSE), VLOOKUP(TEXT($A28,"aaaa-mm")&"_"&$G$2&"_"&J$3,tblAsistencias[],6,FALSE)), "") | K28: =IFERROR(IF(ISBLANK(VLOOKUP(TEXT($A28,"aaaa-mm")&"_"&$G$2&"_"&K$3,tblAsistencias[],6,FALSE)), VLOOKUP(TEXT($A28,"aaaa-mm")&"_"&$G$2&"_"&K$3,tblAsistencias[],7,FALSE), VLOOKUP(TEXT($A28,"aaaa-mm")&"_"&$G$2&"_"&K$3,tblAsistencias[],6,FALSE)), "")
A29: 46235 | B29: =IFERROR(IF(ISBLANK(VLOOKUP(TEXT($A29,"aaaa-mm")&"_"&$B$2&"_"&B$3,tblAsistencias[],6,FALSE)), VLOOKUP(TEXT($A29,"aaaa-mm")&"_"&$B$2&"_"&B$3,tblAsistencias[],7,FALSE), VLOOKUP(TEXT($A29,"aaaa-mm")&"_"&$B$2&"_"&B$3,tblAsistencias[],6,FALSE)), "") | C29: =IFERROR(IF(ISBLANK(VLOOKUP(TEXT($A29,"aaaa-mm")&"_"&$B$2&"_"&C$3,tblAsistencias[],6,FALSE)), VLOOKUP(TEXT($A29,"aaaa-mm")&"_"&$B$2&"_"&C$3,tblAsistencias[],7,FALSE), VLOOKUP(TEXT($A29,"aaaa-mm")&"_"&$B$2&"_"&C$3,tblAsistencias[],6,FALSE)), "") | D29: =IFERROR(IF(ISBLANK(VLOOKUP(TEXT($A29,"aaaa-mm")&"_"&$B$2&"_"&D$3,tblAsistencias[],6,FALSE)), VLOOKUP(TEXT($A29,"aaaa-mm")&"_"&$B$2&"_"&D$3,tblAsistencias[],7,FALSE), VLOOKUP(TEXT($A29,"aaaa-mm")&"_"&$B$2&"_"&D$3,tblAsistencias[],6,FALSE)), "") | E29: =IFERROR(IF(ISBLANK(VLOOKUP(TEXT($A29,"aaaa-mm")&"_"&$B$2&"_"&E$3,tblAsistencias[],6,FALSE)), VLOOKUP(TEXT($A29,"aaaa-mm")&"_"&$B$2&"_"&E$3,tblAsistencias[],7,FALSE), VLOOKUP(TEXT($A29,"aaaa-mm")&"_"&$B$2&"_"&E$3,tblAsistencias[],6,FALSE)), "") | F29: =IFERROR(IF(ISBLANK(VLOOKUP(TEXT($A29,"aaaa-mm")&"_"&$B$2&"_"&F$3,tblAsistencias[],6,FALSE)), VLOOKUP(TEXT($A29,"aaaa-mm")&"_"&$B$2&"_"&F$3,tblAsistencias[],7,FALSE), VLOOKUP(TEXT($A29,"aaaa-mm")&"_"&$B$2&"_"&F$3,tblAsistencias[],6,FALSE)), "") | G29: =IFERROR(IF(ISBLANK(VLOOKUP(TEXT($A29,"aaaa-mm")&"_"&$G$2&"_"&G$3,tblAsistencias[],6,FALSE)), VLOOKUP(TEXT($A29,"aaaa-mm")&"_"&$G$2&"_"&G$3,tblAsistencias[],7,FALSE), VLOOKUP(TEXT($A29,"aaaa-mm")&"_"&$G$2&"_"&G$3,tblAsistencias[],6,FALSE)), "") | H29: =IFERROR(IF(ISBLANK(VLOOKUP(TEXT($A29,"aaaa-mm")&"_"&$G$2&"_"&H$3,tblAsistencias[],6,FALSE)), VLOOKUP(TEXT($A29,"aaaa-mm")&"_"&$G$2&"_"&H$3,tblAsistencias[],7,FALSE), VLOOKUP(TEXT($A29,"aaaa-mm")&"_"&$G$2&"_"&H$3,tblAsistencias[],6,FALSE)), "") | I29: =IFERROR(IF(ISBLANK(VLOOKUP(TEXT($A29,"aaaa-mm")&"_"&$G$2&"_"&I$3,tblAsistencias[],6,FALSE)), VLOOKUP(TEXT($A29,"aaaa-mm")&"_"&$G$2&"_"&I$3,tblAsistencias[],7,FALSE), VLOOKUP(TEXT($A29,"aaaa-mm")&"_"&$G$2&"_"&I$3,tblAsistencias[],6,FALSE)), "") | J29: =IFERROR(IF(ISBLANK(VLOOKUP(TEXT($A29,"aaaa-mm")&"_"&$G$2&"_"&J$3,tblAsistencias[],6,FALSE)), VLOOKUP(TEXT($A29,"aaaa-mm")&"_"&$G$2&"_"&J$3,tblAsistencias[],7,FALSE), VLOOKUP(TEXT($A29,"aaaa-mm")&"_"&$G$2&"_"&J$3,tblAsistencias[],6,FALSE)), "") | K29: =IFERROR(IF(ISBLANK(VLOOKUP(TEXT($A29,"aaaa-mm")&"_"&$G$2&"_"&K$3,tblAsistencias[],6,FALSE)), VLOOKUP(TEXT($A29,"aaaa-mm")&"_"&$G$2&"_"&K$3,tblAsistencias[],7,FALSE), VLOOKUP(TEXT($A29,"aaaa-mm")&"_"&$G$2&"_"&K$3,tblAsistencias[],6,FALSE)), "")

Sheet Asistencias
A1: ID | B1: Mes | C1: Tipo | D1: Num. Semana | E1: Fecha | F1: Asistentes | G1: Notas
A2: =TEXT(tblAsistencias[[#This Row],[Mes]],"aaaa-mm")&"_"&tblAsistencias[[#This Row],[Tipo]]&"_"&tblAsistencias[[#This Row],[Num. Semana]] -> 1900-01_FS_0 | B2: =DATE(YEAR(tblAsistencias[[#This Row],[Fecha]]),MONTH(tblAsistencias[[#This Row],[Fecha]]),1) -> 1 | C2: =INDEX({"FS","ES","ES","ES","ES","ES","FS"}, WEEKDAY(tblAsistencias[[#This Row],[Fecha]])) -> FS | D2: =ROUNDUP(DAY(tblAsistencias[[#This Row],[Fecha]])/7, 0) -> 0

Sheet Publicadores
A1: Nombre | B1: Nombre completo | C1: Fecha de nacimiento | D1: Fecha de bautismo | E1: Grupo | F1: Sup. Grupo | G1: Sexo | H1: Privilegio | I1: Tipo Publicador | J1: Ungido | K1: Edad | L1: Años bautizado | M1: Estatus | N1: Predicó este mes | O1: Meses sin predicar consecutivos | P1: Meses a predicar | Q1: Meses con actividad | R1: Calle | S1: Núm | T1: Colonia | U1: Teléfono fijo | V1: Teléfono móvil | W1: Contacto de emergencia | X1: Tel. Contacto de emergencia | Y1: Correo Contacto de emergencia
K2: =(TODAY()-TblPublicadores[[#This Row],[Fecha de nacimiento]])/365.25 -> 126.07255 | L2: =IF(ISBLANK(TblPublicadores[[#This Row],[Fecha de bautismo]]),"",(TODAY()-TblPublicadores[[#This Row],[Fecha de bautismo]])/365.25) | M2: =IF(TblPublicadores[[#This Row],[Meses sin predicar consecutivos]]<6, "Activo"&IF(TblPublicadores[[#This Row],[Meses con actividad]]<TblPublicadores[[#This Row],[Meses a predicar]],"/Irregular",""),"Inactivo") -> Inactivo | N2: =IFERROR(VLOOKUP($A2&"-"&TEXT(MesInforme,"mmm-aaaa"),TblInformes[[ID]:[Estatus]],COLUMN(TblInformes[[#Headers],[Predicó en el mes]]),FALSE),FALSE) -> 0 | O2: =IF(IFERROR(VLOOKUP($A2&"-"&TEXT(MesInforme,"mmm-aaaa"),TblInformes[[ID]:[Estatus]],COLUMN(TblInformes[[#Headers],[Predicó en el mes]]),FALSE),FALSE),0, IF(IFERROR(VLOOKUP($A2&"-"&TEXT(EDATE(MesInforme,-1),"mmm-aaaa"),TblInformes[[ID]:[Estatus]],COLUMN(TblInformes[[#Headers],[Predicó en el mes]]),FALSE), FALSE),1, IF(IFERROR(VLOOKUP($A2&"-"&TEXT(EDATE(MesInforme,-2),"mmm-aaaa"),TblInformes[[ID]:[Estatus]],COLUMN(TblInformes[[#Headers],[Predicó en el mes]]),FALSE), FALSE),2, IF(IFERROR(VLOOKUP($A2&"-"&TEXT(EDATE(MesInforme,-3),"mmm-aaaa"),TblInformes[[ID]:[Estatus]],COLUMN(TblInformes[[#Headers],[Predicó en el mes]]),FALSE), FALSE),3, IF(IFERROR(VLOOKUP($A2&"-"&TEXT(EDATE(MesInforme,-4),"mmm-aaaa"),TblInformes[[ID]:[Estatus]],COLUMN(TblInformes[[#Headers],[Predicó en el mes]]),FALSE), FALSE),4, IF(IFERROR(VLOOKUP($A2&"-"&TEXT(EDATE(MesInforme,-5),"mmm-aaaa"),TblInformes[[ID]:[Estatus]],COLUMN(TblInformes[[#Headers],[Predicó en el mes]]),FALSE), FALSE),5,6)))))) -> 6 | P2: =IF(OR(IFERROR(VLOOKUP($A2&"-"&TEXT(MesInforme,"mmm-aaaa"),TblInformes[[ID]:[Notas]],COLUMN(TblInformes[[#Headers],[Notas]]),FALSE),"")="Nuevo Publicador", IFERROR(VLOOKUP($A2&"-"&TEXT(MesInforme,"mmm-aaaa"),TblInformes[[ID]:[Notas]],COLUMN(TblInformes[[#Headers],[Notas]]),FALSE),"")="Readmitido"),1, IF(OR(IFERROR(VLOOKUP($A2&"-"&TEXT(EDATE(MesInforme,-1),"mmm-aaaa"),TblInformes[[ID]:[Notas]],COLUMN(TblInformes[[#Headers],[Notas]]),FALSE),"")="Nuevo Publicador", IFERROR(VLOOKUP($A2&"-"&TEXT(EDATE(MesInforme,-1),"mmm-aaaa"),TblInformes[[ID]:[Notas]],COLUMN(TblInformes[[#Headers],[Notas]]),FALSE),"")="Readmitido"),2, IF(OR(IFERROR(VLOOKUP($A2&"-"&TEXT(EDATE(MesInforme,-2),"mmm-aaaa"),TblInformes[[ID]:[Notas]],COLUMN(TblInformes[[#Headers],[Notas]]),FALSE),"")="Nuevo Publicador", IFERROR(VLOOKUP($A2&"-"&TEXT(EDATE(MesInforme,-2),"mmm-aaaa"),TblInformes[[ID]:[Notas]],COLUMN(TblInformes[[#Headers],[Notas]]),FALSE),"")="Readmitido"),3, IF(OR(IFERROR(VLOOKUP($A2&"-"&TEXT(EDATE(MesInforme,-3),"mmm-aaaa"),TblInformes[[ID]:[Notas]],COLUMN(TblInformes[[#Headers],[Notas]]),FALSE),"")="Nuevo Publicador", IFERROR(VLOOKUP($A2&"-"&TEXT(EDATE(MesInforme,-3),"mmm-aaaa"),TblInformes[[ID]:[Notas]],COLUMN(TblInformes[[#Headers],[Notas]]),FALSE),"")="Readmitido"),4, IF(OR(IFERROR(VLOOKUP($A2&"-"&TEXT(EDATE(MesInforme,-4),"mmm-aaaa"),TblInformes[[ID]:[Notas]],COLUMN(TblInformes[[#Headers],[Notas]]),FALSE),"")="Nuevo Publicador", IFERROR(VLOOKUP($A2&"-"&TEXT(EDATE(MesInforme,-4),"mmm-aaaa"),TblInformes[[ID]:[Notas]],COLUMN(TblInformes[[#Headers],[Notas]]),FALSE),"")="Readmitido"),5,6))))) -IF(IFERROR(VLOOKUP($A2&"-"&TEXT(MesInforme,"mmm-aaaa"),TblInformes[[ID]:[Notas]],COLUMN(TblInformes[[#Headers],[Notas]]),FALSE),"")="Falleció",1, IF(IFERROR(VLOOKUP($A2&"-"&TEXT(EDATE(MesInforme,-1),"mmm-aaaa"),TblInformes[[ID]:[Notas]],COLUMN(TblInformes[[#Headers],[Notas]]),FALSE),"")="Falleció",2, IF(IFERROR(VLOOKUP($A2&"-"&TEXT(EDATE(MesInforme,-2),"mmm-aaaa"),TblInformes[[ID]:[Notas]],COLUMN(TblInformes[[#Headers],[Notas]]),FALSE),"")="Falleció",3, IF(IFERROR(VLOOKUP($A2&"-"&TEXT(EDATE(MesInforme,-3),"mmm-aaaa"),TblInformes[[ID]:[Notas]],COLUMN(TblInformes[[#Headers],[Notas]]),FALSE),"")="Falleció",4, IF(IFERROR(VLOOKUP($A2&"-"&TEXT(EDATE(MesInforme,-4),"mmm-aaaa"),TblInformes[[ID]:[Notas]],COLUMN(TblInformes[[#Headers],[Notas]]),FALSE),"")="Falleció",5, IF(IFERROR(VLOOKUP($A2&"-"&TEXT(EDATE(MesInforme,-5),"mmm-aaaa"),TblInformes[[ID]:[Notas]],COLUMN(TblInformes[[#Headers],[Notas]]),FALSE),"")="Falleció",6,0)))))) -> 6 | Q2: =IF(IFERROR(VLOOKUP($A2&"-"&TEXT(MesInforme,"mmm-aaaa"),TblInformes[[ID]:[Estatus]],COLUMN(TblInformes[[#Headers],[Predicó en el mes]]),FALSE),FALSE),1,0) +IF(IFERROR(VLOOKUP($A2&"-"&TEXT(EDATE(MesInforme,-1),"mmm-aaaa"),TblInformes[[ID]:[Estatus]],COLUMN(TblInformes[[#Headers],[Predicó en el mes]]),FALSE), FALSE),1,0) +IF(IFERROR(VLOOKUP($A2&"-"&TEXT(EDATE(MesInforme,-2),"mmm-aaaa"),TblInformes[[ID]:[Estatus]],COLUMN(TblInformes[[#Headers],[Predicó en el mes]]),FALSE), FALSE),1,0) +IF(IFERROR(VLOOKUP($A2&"-"&TEXT(EDATE(MesInforme,-3),"mmm-aaaa"),TblInformes[[ID]:[Estatus]],COLUMN(TblInformes[[#Headers],[Predicó en el mes]]),FALSE), FALSE),1,0) +IF(IFERROR(VLOOKUP($A2&"-"&TEXT(EDATE(MesInforme,-4),"mmm-aaaa"),TblInformes[[ID]:[Estatus]],COLUMN(TblInformes[[#Headers],[Predicó en el mes]]),FALSE), FALSE),1,0) +IF(IFERROR(VLOOKUP($A2&"-"&TEXT(EDATE(MesInforme,-5),"mmm-aaaa"),TblInformes[[ID]:[Estatus]],COLUMN(TblInformes[[#Headers],[Predicó en el mes]]),FALSE), FALSE),1,0) -> 0
A3: Total | E3: =SUBTOTAL(103,TblPublicadores[Estatus]) -> 1

Sheet Informes
A1: ID | B1: Nombre | C1: Tipo Publicador | D1: Grupo | E1: Mes | F1: Mes enviado | G1: Año de Servicio | H1: Predicó en el mes | I1: Cursos bíblicos | J1: Horas | K1: Notas | L1: Horas S. S. (PR) | M1: Horas Acreditadas (PR) | N1: Horas Totales (PR) | O1: Estatus Mes anterior | P1: Estatus
A2: =TblInformes[[#This Row],[Nombre]]&"-"&TEXT(TblInformes[[#This Row],[Mes]],"mmm-aaaa") -> -ene-1900 | M2: =IF(AND(TblInformes[[#This Row],[Tipo Publicador]]="Precursor regular",TblInformes[[#This Row],[Horas S. S. (PR)]]>0),MAX(0, MIN(IF(TblInformes[[#This Row],[Mes]]<DATE(2023,3,1),75,55)-TblInformes[[#This Row],[Horas]], TblInformes[[#This Row],[Horas S. S. (PR)]])),0) -> 0 | N2: =IF(TblInformes[[#This Row],[Tipo Publicador]]="Precursor regular",TblInformes[[#This Row],[Horas]]+TblInformes[[#This Row],[Horas Acreditadas (PR)]],"") | O2: =IFERROR(VLOOKUP(TblInformes[[#This Row],[Nombre]]&"-"&TEXT(EDATE(TblInformes[[#This Row],[Mes]],-1),"mmm-aaaa"),$A:$T,COLUMN(TblInformes[[#Headers],[Estatus]]),FALSE), "") | P2: =IF(IF(TblInformes[[#This Row],[Predicó en el mes]],0, IF(IFERROR(VLOOKUP(TblInformes[[#This Row],[Nombre]]&"-"&TEXT(EDATE(TblInformes[[#This Row],[Mes]],-1),"mmm-aaaa"),$A:$P,COLUMN(TblInformes[[#Headers],[Predicó en el mes]]),FALSE), FALSE),1, IF(IFERROR(VLOOKUP(TblInformes[[#This Row],[Nombre]]&"-"&TEXT(EDATE(TblInformes[[#This Row],[Mes]],-2),"mmm-aaaa"),$A:$P,COLUMN(TblInformes[[#Headers],[Predicó en el mes]]),FALSE), FALSE),2, IF(IFERROR(VLOOKUP(TblInformes[[#This Row],[Nombre]]&"-"&TEXT(EDATE(TblInformes[[#This Row],[Mes]],-3),"mmm-aaaa"),$A:$P,COLUMN(TblInformes[[#Headers],[Predicó en el mes]]),FALSE), FALSE),3, IF(IFERROR(VLOOKUP(TblInformes[[#This Row],[Nombre]]&"-"&TEXT(EDATE(TblInformes[[#This Row],[Mes]],-4),"mmm-aaaa"),$A:$P,COLUMN(TblInformes[[#Headers],[Predicó en el mes]]),FALSE), FALSE),4, IF(IFERROR(VLOOKUP(TblInformes[[#This Row],[Nombre]]&"-"&TEXT(EDATE(TblInformes[[#This Row],[Mes]],-5),"mmm-aaaa"),$A:$P,COLUMN(TblInformes[[#Headers],[Predicó en el mes]]),FALSE), FALSE),5,6))))))<6, "Activo","Inactivo") -> Inactivo
B3: Total | C3: =SUBTOTAL(103,TblInformes[Tipo Publicador]) -> 0 | I3: =SUBTOTAL(109,TblInformes[Cursos bíblicos]) -> 0 | J3: =SUBTOTAL(109,TblInformes[Horas]) -> 0

Sheet Grupos
A1: Grupo | B1: Superintenente | C1: Auxiliar | D1: Precursores regulares | E1: Activos | F1: Irregulares | G1: Activos + Irregulares | H1: Inactivos | I1: Total
A2: 1 | B2: Modesto Castro | C2: Jaime Soria | D2: =COUNTIFS(TblPublicadores[Grupo],A2,TblPublicadores[Tipo Publicador],"Precursor regular") -> 0 | E2: =COUNTIFS(TblPublicadores[Grupo],A2,TblPublicadores[Estatus],"Activo") -> 0 | F2: =COUNTIFS(TblPublicadores[Grupo],A2,TblPublicadores[Estatus],"Activo/Irregular") -> 0 | G2: =Tabla4[[#This Row],[Activos]]+Tabla4[[#This Row],[Irregulares]] -> 0 | H2: =COUNTIFS(TblPublicadores[Grupo],A2,TblPublicadores[Estatus],"Inactivo") -> 0 | I2: =SUM(Tabla4[[#This Row],[Activos + Irregulares]:[Inactivos]]) -> 0
A3: 2 | B3: Jonathan Orduño | C3: Alan Ruíz | D3: =COUNTIFS(TblPublicadores[Grupo],A3,TblPublicadores[Tipo Publicador],"Precursor regular") -> 0 | E3: =COUNTIFS(TblPublicadores[Grupo],A3,TblPublicadores[Estatus],"Activo") -> 0 | F3: =COUNTIFS(TblPublicadores[Grupo],A3,TblPublicadores[Estatus],"Activo/Irregular") -> 0 | G3: =Tabla4[[#This Row],[Activos]]+Tabla4[[#This Row],[Irregulares]] -> 0 | H3: =COUNTIFS(TblPublicadores[Grupo],A3,TblPublicadores[Estatus],"Inactivo") -> 0 | I3: =SUM(Tabla4[[#This Row],[Activos + Irregulares]:[Inactivos]]) -> 0
A4: 3 | B4: Alfredo Faz | C4: Mario Lara | D4: =COUNTIFS(TblPublicadores[Grupo],A4,TblPublicadores[Tipo Publicador],"Precursor regular") -> 0 | E4: =COUNTIFS(TblPublicadores[Grupo],A4,TblPublicadores[Estatus],"Activo") -> 0 | F4: =COUNTIFS(TblPublicadores[Grupo],A4,TblPublicadores[Estatus],"Activo/Irregular") -> 0 | G4: =Tabla4[[#This Row],[Activos]]+Tabla4[[#This Row],[Irregulares]] -> 0 | H4: =COUNTIFS(TblPublicadores[Grupo],A4,TblPublicadores[Estatus],"Inactivo") -> 0 | I4: =SUM(Tabla4[[#This Row],[Activos + Irregulares]:[Inactivos]]) -> 0
A5: 4 | B5: Daniel Medina | C5: Luis Puebla | D5: =COUNTIFS(TblPublicadores[Grupo],A5,TblPublicadores[Tipo Publicador],"Precursor regular") -> 0 | E5: =COUNTIFS(TblPublicadores[Grupo],A5,TblPublicadores[Estatus],"Activo") -> 0 | F5: =COUNTIFS(TblPublicadores[Grupo],A5,TblPublicadores[Estatus],"Activo/Irregular") -> 0 | G5: =Tabla4[[#This Row],[Activos]]+Tabla4[[#This Row],[Irregulares]] -> 0 | H5: =COUNTIFS(TblPublicadores[Grupo],A5,TblPublicadores[Estatus],"Inactivo") -> 0 | I5: =SUM(Tabla4[[#This Row],[Activos + Irregulares]:[Inactivos]]) -> 0
A6: Total | E6: =SUBTOTAL(109,Tabla4[Activos]) -> 0 | F6: =SUBTOTAL(109,Tabla4[Irregulares]) -> 0 | G6: =SUBTOTAL(109,Tabla4[Activos + Irregulares]) -> 0 | H6: =SUBTOTAL(109,Tabla4[Inactivos]) -> 0 | I6: =SUBTOTAL(109,Tabla4[Total]) -> 0

Sheet Precursores
A1: Tipo Publicador | B1: Precursor regular
A2: Año de Servicio | B2: 2025
A4: Suma de Horas Totales | B4: Etiquetas de columna
B5: 2024 | F5: 2025 | N5: Suma
A6: Etiquetas de fila | B6: 45536 | C6: 45566 | D6: 45597 | E6: 45627 | F6: 45658 | G6: 45689 | H6: 45717 | I6: 45748 | J6: 45778 | K6: 45809 | L6: 45839 | M6: 45870
A7: Faz, Marinela Castañeda Arteaga de | B7: 51 | C7: 56 | D7: 50 | E7: 50 | F7: 55 | G7: 50 | H7: 55 | I7: 56 | J7: 60 | K7: 55 | L7: 53 | M7: 58 | N7: 649
A8: Garza Rodríguez, Daniel | B8: 64 | C8: 64 | D8: 81 | E8: 55 | F8: 46 | G8: 68 | H8: 49 | I8: 68 | J8: 72 | K8: 81 | L8: 62 | M8: 75 | N8: 785
A9: Garza, María Magdalena Coronado Salas de | B9: 45 | C9: 50 | D9: 51 | E9: 55 | F9: 42 | G9: 30 | H9: 30 | I9: 35 | J9: 40 | K9: 47 | L9: 60 | M9: 50 | N9: 535
A10: Lara Enriquez, José Mario | B10: 55 | C10: 55 | D10: 55 | E10: 55 | F10: 52 | G10: 55 | H10: 55 | I10: 55 | J10: 55 | K10: 55 | L10: 55 | M10: 55 | N10: 657
A11: Liñán Cortina, Julia | B11: 52 | C11: 48 | D11: 31 | E11: 55 | F11: 55 | G11: 55 | H11: 55 | I11: 55 | J11: 55 | K11: 55 | L11: 55 | M11: 33 | N11: 604
A12: Medina, Priscila Raquel Oviedo Canizales de | B12: 47 | C12: 46 | D12: 43 | E12: 14 | F12: 16 | G12: 22 | H12: 40 | I12: 30 | J12: 44 | K12: 35 | L12: 49 | M12: 30 | N12: 416
A13: Molina Durán, Gloria | B13: 59 | C13: 60 | D13: 55 | E13: 55 | F13: 42 | G13: 45 | H13: 47 | I13: 49 | J13: 45 | K13: 51 | L13: 50 | M13: 49 | N13: 607
A14: Orduño Molina, Jonathan Israel | B14: 50 | C14: 39 | D14: 35 | E14: 35 | F14: 38 | G14: 40 | H14: 40 | I14: 23 | J14: 42 | K14: 33 | L14: 51 | M14: 32 | N14: 458
A15: Orduño, Debany Cortinas Delgadillo de | B15: 50 | C15: 41 | D15: 40 | E15: 38 | F15: 38 | G15: 43 | H15: 35 | I15: 28 | J15: 22 | K15: 22 | L15: 40 | M15: 15 | N15: 412
A16: Ruíz Aldaco, Alan Israel | B16: 50 | C16: 55 | D16: 50 | E16: 50 | F16: 50 | G16: 55 | H16: 55 | I16: 27 | J16: 55 | K16: 55 | L16: 55 | M16: 53 | N16: 610
A17: Ruíz, Merary Rubí Sánchez Sosa de | B17: 40 | C17: 60 | D17: 50 | E17: 50 | F17: 63 | G17: 55 | H17: 55 | I17: 27 | J17: 62 | K17: 50 | L17: 52 | M17: 54 | N17: 618
A18: Sifuentes, Irene Salas Álvarez de | B18: 17 | C18: 16 | D18: 5 | E18: 55 | F18: 3 | G18: 4 | H18: 15 | I18: 10 | J18: 8 | K18: 4 | L18: 5 | M18: 7 | N18: 149
... A21: Vidal Muñoz, Benjamín | B21: 40 | C21: 39 | D21: 36 | E21: 55 | F21: 37 | G21: 30 | H21: 42 | I21: 41 | J21: 42 | K21: 46 | L21: 52 | M21: 38 | N21: 498

Sheet S-21 (2)
C1: Publicador: | G1: Soria Liguez, Jaime
C2: =MATCH(G1,TblPublicadores[Nombre],0) -> #N/A
A4: =C2 -> #N/A | B4: REGISTRO DE PUBLICADOR DE LA CONGREGACIÓN
B5: Nombre: | D5: =IF(A4=0,0,INDEX(TblPublicadores[Nombre completo],A4)) -> #N/A | X5: =IF(A4=0,0,INDEX(TblPublicadores[Nombre],A4)) -> #N/A
B6: Fecha de nacimiento: | H6: =IF(A4=0,"",INDEX(TblPublicadores[Fecha de nacimiento],A4)) -> #N/A | P6: =INDEX(TblPublicadores[Sexo],A4)=Q6 -> #N/A | Q6: Hombre | U6: =INDEX(TblPublicadores[Sexo],A4)=V6 -> #N/A | V6: Mujer
B7: Fecha de bautismo: | G7: =IF(A4=0,"",IF(INDEX(TblPublicadores[Fecha de bautismo],A4)="", "",INDEX(TblPublicadores[Fecha de bautismo],A4))) -> #N/A | P7: TRUE | Q7: Otras ovejas | U7: FALSE | V7: Ungido
B8: =INDEX(TblPublicadores[Privilegio],A4)=C8 -> #N/A | C8: Anciano | D8: =INDEX(TblPublicadores[Privilegio],A4)=E8 -> #N/A | E8: Siervo ministerial | J8: =INDEX(TblPublicadores[Tipo Publicador],A4)=K8 -> #N/A | K8: Precursor regular | N8: =INDEX(TblPublicadores[Tipo Publicador],A4)=O8 -> #N/A | O8: Precursor especial | S8: =INDEX(TblPublicadores[Tipo Publicador],A4)=T8 -> #N/A | T8: Misionero que sirve en el campo
B10: Año de servicio | F10: Participación en el ministerio | I10: Cursos bíblicos | L10: Precursor auxiliar | M10: Horas (Si es precursor o misionero que sirve en el campo) | R10: Notas
B11: 45292
A12: =EDATE(B11,-4) -> 45170 | B12: =PROPER(TEXT(A12, "mmmm")) -> Septiembre | F12: =IFERROR(VLOOKUP($X$5&"-"&TEXT($A12,"mmm-aaaa"),Informes!$A:$P,COLUMN(Informes!H$1),FALSE),FALSE) -> FALSE | I12: =IFERROR(IF(ISBLANK( VLOOKUP($X5&"-"&TEXT($A12,"mmm-aaaa"),Informes!$A:$P,COLUMN(Informes!I$1),FALSE)), "", VLOOKUP($X5&"-"&TEXT($A12,"mmm-aaaa"),Informes!$A:$P,COLUMN(Informes!I$1),FALSE)), "") | L12: =IFERROR($X12=$L$10,FALSE) -> FALSE | M12: =IFERROR(IF(OR($X12=$L$10,$X12=$K$8,$X12=$O$8,$X12=$T$8),IF(ISBLANK( VLOOKUP($X$5&"-"&TEXT($A12,"mmm-aaaa"),Informes!$A:$P,COLUMN(Informes!J$1),FALSE)), "", VLOOKUP($X$5&"-"&TEXT($A12,"mmm-aaaa"),Informes!$A:$P,COLUMN(Informes!J$1),FALSE)), ""), "") | R12: =IF(W12=0, "", W12) | W12: =IFERROR(VLOOKUP($X5&"-"&TEXT($A12,"mmm-aaaa"),Informes!$A:$P,COLUMN(Informes!K$1),FALSE), "") | X12: =IFERROR(VLOOKUP($X$5&"-"&TEXT($A12,"mmm-aaaa"),Informes!$A:$P,COLUMN(Informes!C$1),FALSE), "")
A13: =EDATE(A12,1) -> 45200 | B13: =PROPER(TEXT(A13, "mmmm")) -> Octubre | F13: =IFERROR(VLOOKUP($X$5&"-"&TEXT($A13,"mmm-aaaa"),Informes!$A:$P,COLUMN(Informes!H$1),FALSE),FALSE) -> FALSE | I13: =IFERROR(IF(ISBLANK( VLOOKUP($X5&"-"&TEXT($A13,"mmm-aaaa"),Informes!$A:$P,COLUMN(Informes!I$1),FALSE)), "", VLOOKUP($X5&"-"&TEXT($A13,"mmm-aaaa"),Informes!$A:$P,COLUMN(Informes!I$1),FALSE)), "") | L13: =IFERROR($X13=$L$10,FALSE) -> FALSE | M13: =IFERROR(IF(OR($X13=$L$10,$X13=$K$8,$X13=$O$8,$X13=$T$8),IF(ISBLANK( VLOOKUP($X$5&"-"&TEXT($A13,"mmm-aaaa"),Informes!$A:$P,COLUMN(Informes!J$1),FALSE)), "", VLOOKUP($X$5&"-"&TEXT($A13,"mmm-aaaa"),Informes!$A:$P,COLUMN(Informes!J$1),FALSE)), ""), "") | R13: =IF(W13=0, "", W13) | W13: =IFERROR(VLOOKUP($X5&"-"&TEXT($A13,"mmm-aaaa"),Informes!$A:$P,COLUMN(Informes!K$1),FALSE), "") | X13: =IFERROR(VLOOKUP($X$5&"-"&TEXT($A13,"mmm-aaaa"),Informes!$A:$P,COLUMN(Informes!C$1),FALSE), "")
A14: =EDATE(A13,1) -> 45231 | B14: =PROPER(TEXT(A14, "mmmm")) -> Noviembre | F14: =IFERROR(VLOOKUP($X$5&"-"&TEXT($A14,"mmm-aaaa"),Informes!$A:$P,COLUMN(Informes!H$1),FALSE),FALSE) -> FALSE | I14: =IFERROR(IF(ISBLANK( VLOOKUP($X5&"-"&TEXT($A14,"mmm-aaaa"),Informes!$A:$P,COLUMN(Informes!I$1),FALSE)), "", VLOOKUP($X5&"-"&TEXT($A14,"mmm-aaaa"),Informes!$A:$P,COLUMN(Informes!I$1),FALSE)), "") | L14: =IFERROR($X14=$L$10,FALSE) -> FALSE | M14: =IFERROR(IF(OR($X14=$L$10,$X14=$K$8,$X14=$O$8,$X14=$T$8),IF(ISBLANK( VLOOKUP($X$5&"-"&TEXT($A14,"mmm-aaaa"),Informes!$A:$P,COLUMN(Informes!J$1),FALSE)), "", VLOOKUP($X$5&"-"&TEXT($A14,"mmm-aaaa"),Informes!$A:$P,COLUMN(Informes!J$1),FALSE)), ""), "") | R14: =IF(W14=0, "", W14) | W14: =IFERROR(VLOOKUP($X5&"-"&TEXT($A14,"mmm-aaaa"),Informes!$A:$P,COLUMN(Informes!K$1),FALSE), "") | X14: =IFERROR(VLOOKUP($X$5&"-"&TEXT($A14,"mmm-aaaa"),Informes!$A:$P,COLUMN(Informes!C$1),FALSE), "")
A15: =EDATE(A14,1) -> 45261 | B15: =PROPER(TEXT(A15, "mmmm")) -> Diciembre | F15: =IFERROR(VLOOKUP($X$5&"-"&TEXT($A15,"mmm-aaaa"),Informes!$A:$P,COLUMN(Informes!H$1),FALSE),FALSE) -> FALSE | I15: =IFERROR(IF(ISBLANK( VLOOKUP($X5&"-"&TEXT($A15,"mmm-aaaa"),Informes!$A:$P,COLUMN(Informes!I$1),FALSE)), "", VLOOKUP($X5&"-"&TEXT($A15,"mmm-aaaa"),Informes!$A:$P,COLUMN(Informes!I$1),FALSE)), "") | L15: =IFERROR($X15=$L$10,FALSE) -> FALSE | M15: =IFERROR(IF(OR($X15=$L$10,$X15=$K$8,$X15=$O$8,$X15=$T$8),IF(ISBLANK( VLOOKUP($X$5&"-"&TEXT($A15,"mmm-aaaa"),Informes!$A:$P,COLUMN(Informes!J$1),FALSE)), "", VLOOKUP($X$5&"-"&TEXT($A15,"mmm-aaaa"),Informes!$A:$P,COLUMN(Informes!J$1),FALSE)), ""), "") | R15: =IF(W15=0, "", W15) | W15: =IFERROR(VLOOKUP($X5&"-"&TEXT($A15,"mmm-aaaa"),Informes!$A:$P,COLUMN(Informes!K$1),FALSE), "") | X15: =IFERROR(VLOOKUP($X$5&"-"&TEXT($A15,"mmm-aaaa"),Informes!$A:$P,COLUMN(Informes!C$1),FALSE), "")
A16: =EDATE(A15,1) -> 45292 | B16: =PROPER(TEXT(A16, "mmmm")) -> Enero | F16: =IFERROR(VLOOKUP($X$5&"-"&TEXT($A16,"mmm-aaaa"),Informes!$A:$P,COLUMN(Informes!H$1),FALSE),FALSE) -> FALSE | I16: =IFERROR(IF(ISBLANK( VLOOKUP($X5&"-"&TEXT($A16,"mmm-aaaa"),Informes!$A:$P,COLUMN(Informes!I$1),FALSE)), "", VLOOKUP($X5&"-"&TEXT($A16,"mmm-aaaa"),Informes!$A:$P,COLUMN(Informes!I$1),FALSE)), "") | L16: =IFERROR($X16=$L$10,FALSE) -> FALSE | M16: =IFERROR(IF(OR($X16=$L$10,$X16=$K$8,$X16=$O$8,$X16=$T$8),IF(ISBLANK( VLOOKUP($X$5&"-"&TEXT($A16,"mmm-aaaa"),Informes!$A:$P,COLUMN(Informes!J$1),FALSE)), "", VLOOKUP($X$5&"-"&TEXT($A16,"mmm-aaaa"),Informes!$A:$P,COLUMN(Informes!J$1),FALSE)), ""), "") | R16: =IF(W16=0, "", W16) | W16: =IFERROR(VLOOKUP($X5&"-"&TEXT($A16,"mmm-aaaa"),Informes!$A:$P,COLUMN(Informes!K$1),FALSE), "") | X16: =IFERROR(VLOOKUP($X$5&"-"&TEXT($A16,"mmm-aaaa"),Informes!$A:$P,COLUMN(Informes!C$1),FALSE), "")
A17: =EDATE(A16,1) -> 45323 | B17: =PROPER(TEXT(A17, "mmmm")) -> Febrero | F17: =IFERROR(VLOOKUP($X$5&"-"&TEXT($A17,"mmm-aaaa"),Informes!$A:$P,COLUMN(Informes!H$1),FALSE),FALSE) -> FALSE | I17: =IFERROR(IF(ISBLANK( VLOOKUP($X5&"-"&TEXT($A17,"mmm-aaaa"),Informes!$A:$P,COLUMN(Informes!I$1),FALSE)), "", VLOOKUP($X5&"-"&TEXT($A17,"mmm-aaaa"),Informes!$A:$P,COLUMN(Informes!I$1),FALSE)), "") | L17: =IFERROR($X17=$L$10,FALSE) -> FALSE | M17: =IFERROR(IF(OR($X17=$L$10,$X17=$K$8,$X17=$O$8,$X17=$T$8),IF(ISBLANK( VLOOKUP($X$5&"-"&TEXT($A17,"mmm-aaaa"),Informes!$A:$P,COLUMN(Informes!J$1),FALSE)), "", VLOOKUP($X$5&"-"&TEXT($A17,"mmm-aaaa"),Informes!$A:$P,COLUMN(Informes!J$1),FALSE)), ""), "") | R17: =IF(W17=0, "", W17) | W17: =IFERROR(VLOOKUP($X5&"-"&TEXT($A17,"mmm-aaaa"),Informes!$A:$P,COLUMN(Informes!K$1),FALSE), "") | X17: =IFERROR(VLOOKUP($X$5&"-"&TEXT($A17,"mmm-aaaa"),Informes!$A:$P,COLUMN(Informes!C$1),FALSE), "")
A18: =EDATE(A17,1) -> 45352 | B18: =PROPER(TEXT(A18, "mmmm")) -> Marzo | F18: =IFERROR(VLOOKUP($X$5&"-"&TEXT($A18,"mmm-aaaa"),Informes!$A:$P,COLUMN(Informes!H$1),FALSE),FALSE) -> FALSE | I18: =IFERROR(IF(ISBLANK( VLOOKUP($X5&"-"&TEXT($A18,"mmm-aaaa"),Informes!$A:$P,COLUMN(Informes!I$1),FALSE)), "", VLOOKUP($X5&"-"&TEXT($A18,"mmm-aaaa"),Informes!$A:$P,COLUMN(Informes!I$1),FALSE)), "") | L18: =IFERROR($X18=$L$10,FALSE) -> FALSE | M18: =IFERROR(IF(OR($X18=$L$10,$X18=$K$8,$X18=$O$8,$X18=$T$8),IF(ISBLANK( VLOOKUP($X$5&"-"&TEXT($A18,"mmm-aaaa"),Informes!$A:$P,COLUMN(Informes!J$1),FALSE)), "", VLOOKUP($X$5&"-"&TEXT($A18,"mmm-aaaa"),Informes!$A:$P,COLUMN(Informes!J$1),FALSE)), ""), "") | R18: =IF(W18=0, "", W18) | W18: =IFERROR(VLOOKUP($X5&"-"&TEXT($A18,"mmm-aaaa"),Informes!$A:$P,COLUMN(Informes!K$1),FALSE), "") | X18: =IFERROR(VLOOKUP($X$5&"-"&TEXT($A18,"mmm-aaaa"),Informes!$A:$P,COLUMN(Informes!C$1),FALSE), "")
A19: =EDATE(A18,1) -> 45383 | B19: =PROPER(TEXT(A19, "mmmm")) -> Abril | F19: =IFERROR(VLOOKUP($X$5&"-"&TEXT($A19,"mmm-aaaa"),Informes!$A:$P,COLUMN(Informes!H$1),FALSE),FALSE) -> FALSE | I19: =IFERROR(IF(ISBLANK( VLOOKUP($X5&"-"&TEXT($A19,"mmm-aaaa"),Informes!$A:$P,COLUMN(Informes!I$1),FALSE)), "", VLOOKUP($X5&"-"&TEXT($A19,"mmm-aaaa"),Informes!$A:$P,COLUMN(Informes!I$1),FALSE)), "") | L19: =IFERROR($X19=$L$10,FALSE) -> FALSE | M19: =IFERROR(IF(OR($X19=$L$10,$X19=$K$8,$X19=$O$8,$X19=$T$8),IF(ISBLANK( VLOOKUP($X$5&"-"&TEXT($A19,"mmm-aaaa"),Informes!$A:$P,COLUMN(Informes!J$1),FALSE)), "", VLOOKUP($X$5&"-"&TEXT($A19,"mmm-aaaa"),Informes!$A:$P,COLUMN(Informes!J$1),FALSE)), ""), "") | R19: =IF(W19=0, "", W19) | W19: =IFERROR(VLOOKUP($X5&"-"&TEXT($A19,"mmm-aaaa"),Informes!$A:$P,COLUMN(Informes!K$1),FALSE), "") | X19: =IFERROR(VLOOKUP($X$5&"-"&TEXT($A19,"mmm-aaaa"),Informes!$A:$P,COLUMN(Informes!C$1),FALSE), "")
A20: =EDATE(A19,1) -> 45413 | B20: =PROPER(TEXT(A20, "mmmm")) -> Mayo | F20: =IFERROR(VLOOKUP($X$5&"-"&TEXT($A20,"mmm-aaaa"),Informes!$A:$P,COLUMN(Informes!H$1),FALSE),FALSE) -> FALSE | I20: =IFERROR(IF(ISBLANK( VLOOKUP($X5&"-"&TEXT($A20,"mmm-aaaa"),Informes!$A:$P,COLUMN(Informes!I$1),FALSE)), "", VLOOKUP($X5&"-"&TEXT($A20,"mmm-aaaa"),Informes!$A:$P,COLUMN(Informes!I$1),FALSE)), "") | L20: =IFERROR($X20=$L$10,FALSE) -> FALSE | M20: =IFERROR(IF(OR($X20=$L$10,$X20=$K$8,$X20=$O$8,$X20=$T$8),IF(ISBLANK( VLOOKUP($X$5&"-"&TEXT($A20,"mmm-aaaa"),Informes!$A:$P,COLUMN(Informes!J$1),FALSE)), "", VLOOKUP($X$5&"-"&TEXT($A20,"mmm-aaaa"),Informes!$A:$P,COLUMN(Informes!J$1),FALSE)), ""), "") | R20: =IF(W20=0, "", W20) | W20: =IFERROR(VLOOKUP($X5&"-"&TEXT($A20,"mmm-aaaa"),Informes!$A:$P,COLUMN(Informes!K$1),FALSE), "") | X20: =IFERROR(VLOOKUP($X$5&"-"&TEXT($A20,"mmm-aaaa"),Informes!$A:$P,COLUMN(Informes!C$1),FALSE), "")
A21: =EDATE(A20,1) -> 45444 | B21: =PROPER(TEXT(A21, "mmmm")) -> Junio | F21: =IFERROR(VLOOKUP($X$5&"-"&TEXT($A21,"mmm-aaaa"),Informes!$A:$P,COLUMN(Informes!H$1),FALSE),FALSE) -> FALSE | I21: =IFERROR(IF(ISBLANK( VLOOKUP($X5&"-"&TEXT($A21,"mmm-aaaa"),Informes!$A:$P,COLUMN(Informes!I$1),FALSE)), "", VLOOKUP($X5&"-"&TEXT($A21,"mmm-aaaa"),Informes!$A:$P,COLUMN(Informes!I$1),FALSE)), "") | L21: =IFERROR($X21=$L$10,FALSE) -> FALSE | M21: =IFERROR(IF(OR($X21=$L$10,$X21=$K$8,$X21=$O$8,$X21=$T$8),IF(ISBLANK( VLOOKUP($X$5&"-"&TEXT($A21,"mmm-aaaa"),Informes!$A:$P,COLUMN(Informes!J$1),FALSE)), "", VLOOKUP($X$5&"-"&TEXT($A21,"mmm-aaaa"),Informes!$A:$P,COLUMN(Informes!J$1),FALSE)), ""), "") | R21: =IF(W21=0, "", W21) | W21: =IFERROR(VLOOKUP($X5&"-"&TEXT($A21,"mmm-aaaa"),Informes!$A:$P,COLUMN(Informes!K$1),FALSE), "") | X21: =IFERROR(VLOOKUP($X$5&"-"&TEXT($A21,"mmm-aaaa"),Informes!$A:$P,COLUMN(Informes!C$1),FALSE), "")
A22: =EDATE(A21,1) -> 45474 | B22: =PROPER(TEXT(A22, "mmmm")) -> Julio | F22: =IFERROR(VLOOKUP($X$5&"-"&TEXT($A22,"mmm-aaaa"),Informes!$A:$P,COLUMN(Informes!H$1),FALSE),FALSE) -> FALSE | I22: =IFERROR(IF(ISBLANK( VLOOKUP($X5&"-"&TEXT($A22,"mmm-aaaa"),Informes!$A:$P,COLUMN(Informes!I$1),FALSE)), "", VLOOKUP($X5&"-"&TEXT($A22,"mmm-aaaa"),Informes!$A:$P,COLUMN(Informes!I$1),FALSE)), "") | L22: =IFERROR($X22=$L$10,FALSE) -> FALSE | M22: =IFERROR(IF(OR($X22=$L$10,$X22=$K$8,$X22=$O$8,$X22=$T$8),IF(ISBLANK( VLOOKUP($X$5&"-"&TEXT($A22,"mmm-aaaa"),Informes!$A:$P,COLUMN(Informes!J$1),FALSE)), "", VLOOKUP($X$5&"-"&TEXT($A22,"mmm-aaaa"),Informes!$A:$P,COLUMN(Informes!J$1),FALSE)), ""), "") | R22: =IF(W22=0, "", W22) | W22: =IFERROR(VLOOKUP($X5&"-"&TEXT($A22,"mmm-aaaa"),Informes!$A:$P,COLUMN(Informes!K$1),FALSE), "") | X22: =IFERROR(VLOOKUP($X$5&"-"&TEXT($A22,"mmm-aaaa"),Informes!$A:$P,COLUMN(Informes!C$1),FALSE), "")
A23: =EDATE(A22,1) -> 45505 | B23: =PROPER(TEXT(A23, "mmmm")) -> Agosto | F23: =IFERROR(VLOOKUP($X$5&"-"&TEXT($A23,"mmm-aaaa"),Informes!$A:$P,COLUMN(Informes!H$1),FALSE),FALSE) -> FALSE | I23: =IFERROR(IF(ISBLANK( VLOOKUP($X5&"-"&TEXT($A23,"mmm-aaaa"),Informes!$A:$P,COLUMN(Informes!I$1),FALSE)), "", VLOOKUP($X5&"-"&TEXT($A23,"mmm-aaaa"),Informes!$A:$P,COLUMN(Informes!I$1),FALSE)), "") | L23: =IFERROR($X23=$L$10,FALSE) -> FALSE | M23: =IFERROR(IF(OR($X23=$L$10,$X23=$K$8,$X23=$O$8,$X23=$T$8),IF(ISBLANK( VLOOKUP($X$5&"-"&TEXT($A23,"mmm-aaaa"),Informes!$A:$P,COLUMN(Informes!J$1),FALSE)), "", VLOOKUP($X$5&"-"&TEXT($A23,"mmm-aaaa"),Informes!$A:$P,COLUMN(Informes!J$1),FALSE)), ""), "") | R23: =IF(W23=0, "", W23) | W23: =IFERROR(VLOOKUP($X5&"-"&TEXT($A23,"mmm-aaaa"),Informes!$A:$P,COLUMN(Informes!K$1),FALSE), "") | X23: =IFERROR(VLOOKUP($X$5&"-"&TEXT($A23,"mmm-aaaa"),Informes!$A:$P,COLUMN(Informes!C$1),FALSE), "")
G24: =IF(SUM(F12:F23)=0,"",SUM(F12:F23)) | L24: Total | M24: =IF(SUM(M12:M23)=0,"",SUM(M12:M23))
C26: S-21-S 11/23
B27: REGISTRO DE PUBLICADOR DE LA CONGREGACIÓN
B28: Nombre: | D28: =D5 -> #N/A
B29: Fecha de nacimiento: | H29: =H6 -> #N/A | P29: =P6 -> #N/A | Q29: Hombre | U29: =U6 -> #N/A | V29: Mujer
B30: Fecha de bautismo: | G30: =G7 -> #N/A | P30: TRUE | Q30: Otras ovejas | U30: FALSE | V30: Ungido
B31: =B8 -> #N/A | C31: Anciano | D31: =D8 -> #N/A | E31: Siervo ministerial | J31: =J8 -> #N/A | K31: Precursor regular | N31: =N8 -> #N/A | O31: Precursor especial | S31: =S8 -> #N/A | T31: Misionero que sirve en el campo
B33: Año de servicio | F33: Participación en el ministerio | I33: Cursos bíblicos | L33: Precursor auxiliar | M33: Horas (Si es precursor o misionero que sirve en el campo) | R33: Notas
B34: =EDATE(B11,12) -> 45658
A35: =EDATE(B34,-4) -> 45536 | B35: =PROPER(TEXT(A35, "mmmm")) -> Septiembre | F35: =IFERROR(VLOOKUP($X$5&"-"&TEXT($A35,"mmm-aaaa"),Informes!$A:$P,COLUMN(Informes!H$1),FALSE),FALSE) -> FALSE | I35: =IFERROR(IF(ISBLANK( VLOOKUP($D28&"-"&TEXT($A35,"mmm-aaaa"),Informes!$A:$P,COLUMN(Informes!I$1),FALSE)), "", VLOOKUP($D28&"-"&TEXT($A35,"mmm-aaaa"),Informes!$A:$P,COLUMN(Informes!I$1),FALSE)), "") | L35: =IFERROR($X35=$L$10,FALSE) -> FALSE | M35: =IFERROR(IF(OR($X35=$L$10,$X35=$K$8,$X35=$O$8,$X35=$T$8),IF(ISBLANK( VLOOKUP($X$5&"-"&TEXT($A35,"mmm-aaaa"),Informes!$A:$P,COLUMN(Informes!J$1),FALSE)), "", VLOOKUP($X$5&"-"&TEXT($A35,"mmm-aaaa"),Informes!$A:$P,COLUMN(Informes!J$1),FALSE)), ""), "") | R35: =IF(W35=0, "", W35) | W35: =IFERROR(VLOOKUP($D28&"-"&TEXT($A35,"mmm-aaaa"),Informes!$A:$P,COLUMN(Informes!K$1),FALSE), "") | X35: =IFERROR(VLOOKUP($X$5&"-"&TEXT($A35,"mmm-aaaa"),Informes!$A:$P,COLUMN(Informes!C$1),FALSE), "")
A36: =EDATE(A35,1) -> 45566 | B36: =PROPER(TEXT(A36, "mmmm")) -> Octubre | F36: =IFERROR(VLOOKUP($X$5&"-"&TEXT($A36,"mmm-aaaa"),Informes!$A:$P,COLUMN(Informes!H$1),FALSE),FALSE) -> FALSE | I36: =IFERROR(IF(ISBLANK( VLOOKUP($D28&"-"&TEXT($A36,"mmm-aaaa"),Informes!$A:$P,COLUMN(Informes!I$1),FALSE)), "", VLOOKUP($D28&"-"&TEXT($A36,"mmm-aaaa"),Informes!$A:$P,COLUMN(Informes!I$1),FALSE)), "") | L36: =IFERROR($X36=$L$10,FALSE) -> FALSE | M36: =IFERROR(IF(OR($X36=$L$10,$X36=$K$8,$X36=$O$8,$X36=$T$8),IF(ISBLANK( VLOOKUP($X$5&"-"&TEXT($A36,"mmm-aaaa"),Informes!$A:$P,COLUMN(Informes!J$1),FALSE)), "", VLOOKUP($X$5&"-"&TEXT($A36,"mmm-aaaa"),Informes!$A:$P,COLUMN(Informes!J$1),FALSE)), ""), "") | R36: =IF(W36=0, "", W36) | W36: =IFERROR(VLOOKUP($D28&"-"&TEXT($A36,"mmm-aaaa"),Informes!$A:$P,COLUMN(Informes!K$1),FALSE), "") | X36: =IFERROR(VLOOKUP($X$5&"-"&TEXT($A36,"mmm-aaaa"),Informes!$A:$P,COLUMN(Informes!C$1),FALSE), "")
A37: =EDATE(A36,1) -> 45597 | B37: =PROPER(TEXT(A37, "mmmm")) -> Noviembre | F37: =IFERROR(VLOOKUP($X$5&"-"&TEXT($A37,"mmm-aaaa"),Informes!$A:$P,COLUMN(Informes!H$1),FALSE),FALSE) -> FALSE | I37: =IFERROR(IF(ISBLANK( VLOOKUP($D28&"-"&TEXT($A37,"mmm-aaaa"),Informes!$A:$P,COLUMN(Informes!I$1),FALSE)), "", VLOOKUP($D28&"-"&TEXT($A37,"mmm-aaaa"),Informes!$A:$P,COLUMN(Informes!I$1),FALSE)), "") | L37: =IFERROR($X37=$L$10,FALSE) -> FALSE | M37: =IFERROR(IF(OR($X37=$L$10,$X37=$K$8,$X37=$O$8,$X37=$T$8),IF(ISBLANK( VLOOKUP($X$5&"-"&TEXT($A37,"mmm-aaaa"),Informes!$A:$P,COLUMN(Informes!J$1),FALSE)), "", VLOOKUP($X$5&"-"&TEXT($A37,"mmm-aaaa"),Informes!$A:$P,COLUMN(Informes!J$1),FALSE)), ""), "") | R37: =IF(W37=0, "", W37) | W37: =IFERROR(VLOOKUP($D28&"-"&TEXT($A37,"mmm-aaaa"),Informes!$A:$P,COLUMN(Informes!K$1),FALSE), "") | X37: =IFERROR(VLOOKUP($X$5&"-"&TEXT($A37,"mmm-aaaa"),Informes!$A:$P,COLUMN(Informes!C$1),FALSE), "")
A38: =EDATE(A37,1) -> 45627 | B38: =PROPER(TEXT(A38, "mmmm")) -> Diciembre | F38: =IFERROR(VLOOKUP($X$5&"-"&TEXT($A38,"mmm-aaaa"),Informes!$A:$P,COLUMN(Informes!H$1),FALSE),FALSE) -> FALSE | I38: =IFERROR(IF(ISBLANK( VLOOKUP($D28&"-"&TEXT($A38,"mmm-aaaa"),Informes!$A:$P,COLUMN(Informes!I$1),FALSE)), "", VLOOKUP($D28&"-"&TEXT($A38,"mmm-aaaa"),Informes!$A:$P,COLUMN(Informes!I$1),FALSE)), "") | L38: =IFERROR($X38=$L$10,FALSE) -> FALSE | M38: =IFERROR(IF(OR($X38=$L$10,$X38=$K$8,$X38=$O$8,$X38=$T$8),IF(ISBLANK( VLOOKUP($X$5&"-"&TEXT($A38,"mmm-aaaa"),Informes!$A:$P,COLUMN(Informes!J$1),FALSE)), "", VLOOKUP($X$5&"-"&TEXT($A38,"mmm-aaaa"),Informes!$A:$P,COLUMN(Informes!J$1),FALSE)), ""), "") | R38: =IF(W38=0, "", W38) | W38: =IFERROR(VLOOKUP($D28&"-"&TEXT($A38,"mmm-aaaa"),Informes!$A:$P,COLUMN(Informes!K$1),FALSE), "") | X38: =IFERROR(VLOOKUP($X$5&"-"&TEXT($A38,"mmm-aaaa"),Informes!$A:$P,COLUMN(Informes!C$1),FALSE), "")
A39: =EDATE(A38,1) -> 45658 | B39: =PROPER(TEXT(A39, "mmmm")) -> Enero | F39: =IFERROR(VLOOKUP($X$5&"-"&TEXT($A39,"mmm-aaaa"),Informes!$A:$P,COLUMN(Informes!H$1),FALSE),FALSE) -> FALSE | I39: =IFERROR(IF(ISBLANK( VLOOKUP($D28&"-"&TEXT($A39,"mmm-aaaa"),Informes!$A:$P,COLUMN(Informes!I$1),FALSE)), "", VLOOKUP($D28&"-"&TEXT($A39,"mmm-aaaa"),Informes!$A:$P,COLUMN(Informes!I$1),FALSE)), "") | L39: =IFERROR($X39=$L$10,FALSE) -> FALSE | M39: =IFERROR(IF(OR($X39=$L$10,$X39=$K$8,$X39=$O$8,$X39=$T$8),IF(ISBLANK( VLOOKUP($X$5&"-"&TEXT($A39,"mmm-aaaa"),Informes!$A:$P,COLUMN(Informes!J$1),FALSE)), "", VLOOKUP($X$5&"-"&TEXT($A39,"mmm-aaaa"),Informes!$A:$P,COLUMN(Informes!J$1),FALSE)), ""), "") | R39: =IF(W39=0, "", W39) | W39: =IFERROR(VLOOKUP($D28&"-"&TEXT($A39,"mmm-aaaa"),Informes!$A:$P,COLUMN(Informes!K$1),FALSE), "") | X39: =IFERROR(VLOOKUP($X$5&"-"&TEXT($A39,"mmm-aaaa"),Informes!$A:$P,COLUMN(Informes!C$1),FALSE), "")
A40: =EDATE(A39,1) -> 45689 | B40: =PROPER(TEXT(A40, "mmmm")) -> Febrero | F40: =IFERROR(VLOOKUP($X$5&"-"&TEXT($A40,"mmm-aaaa"),Informes!$A:$P,COLUMN(Informes!H$1),FALSE),FALSE) -> FALSE | I40: =IFERROR(IF(ISBLANK( VLOOKUP($D28&"-"&TEXT($A40,"mmm-aaaa"),Informes!$A:$P,COLUMN(Informes!I$1),FALSE)), "", VLOOKUP($D28&"-"&TEXT($A40,"mmm-aaaa"),Informes!$A:$P,COLUMN(Informes!I$1),FALSE)), "") | L40: =IFERROR($X40=$L$10,FALSE) -> FALSE | M40: =IFERROR(IF(OR($X40=$L$10,$X40=$K$8,$X40=$O$8,$X40=$T$8),IF(ISBLANK( VLOOKUP($X$5&"-"&TEXT($A40,"mmm-aaaa"),Informes!$A:$P,COLUMN(Informes!J$1),FALSE)), "", VLOOKUP($X$5&"-"&TEXT($A40,"mmm-aaaa"),Informes!$A:$P,COLUMN(Informes!J$1),FALSE)), ""), "") | R40: =IF(W40=0, "", W40) | W40: =IFERROR(VLOOKUP($D28&"-"&TEXT($A40,"mmm-aaaa"),Informes!$A:$P,COLUMN(Informes!K$1),FALSE), "") | X40: =IFERROR(VLOOKUP($X$5&"-"&TEXT($A40,"mmm-aaaa"),Informes!$A:$P,COLUMN(Informes!C$1),FALSE), "")
A41: =EDATE(A40,1) -> 45717 | B41: =PROPER(TEXT(A41, "mmmm")) -> Marzo | F41: =IFERROR(VLOOKUP($X$5&"-"&TEXT($A41,"mmm-aaaa"),Informes!$A:$P,COLUMN(Informes!H$1),FALSE),FALSE) -> FALSE | I41: =IFERROR(IF(ISBLANK( VLOOKUP($D28&"-"&TEXT($A41,"mmm-aaaa"),Informes!$A:$P,COLUMN(Informes!I$1),FALSE)), "", VLOOKUP($D28&"-"&TEXT($A41,"mmm-aaaa"),Informes!$A:$P,COLUMN(Informes!I$1),FALSE)), "") | L41: =IFERROR($X41=$L$10,FALSE) -> FALSE | M41: =IFERROR(IF(OR($X41=$L$10,$X41=$K$8,$X41=$O$8,$X41=$T$8),IF(ISBLANK( VLOOKUP($X$5&"-"&TEXT($A41,"mmm-aaaa"),Informes!$A:$P,COLUMN(Informes!J$1),FALSE)), "", VLOOKUP($X$5&"-"&TEXT($A41,"mmm-aaaa"),Informes!$A:$P,COLUMN(Informes!J$1),FALSE)), ""), "") | R41: =IF(W41=0, "", W41) | W41: =IFERROR(VLOOKUP($D28&"-"&TEXT($A41,"mmm-aaaa"),Informes!$A:$P,COLUMN(Informes!K$1),FALSE), "") | X41: =IFERROR(VLOOKUP($X$5&"-"&TEXT($A41,"mmm-aaaa"),Informes!$A:$P,COLUMN(Informes!C$1),FALSE), "")
A42: =EDATE(A41,1) -> 45748 | B42: =PROPER(TEXT(A42, "mmmm")) -> Abril | F42: =IFERROR(VLOOKUP($X$5&"-"&TEXT($A42,"mmm-aaaa"),Informes!$A:$P,COLUMN(Informes!H$1),FALSE),FALSE) -> FALSE | I42: =IFERROR(IF(ISBLANK( VLOOKUP($D28&"-"&TEXT($A42,"mmm-aaaa"),Informes!$A:$P,COLUMN(Informes!I$1),FALSE)), "", VLOOKUP($D28&"-"&TEXT($A42,"mmm-aaaa"),Informes!$A:$P,COLUMN(Informes!I$1),FALSE)), "") | L42: =IFERROR($X42=$L$10,FALSE) -> FALSE | M42: =IFERROR(IF(OR($X42=$L$10,$X42=$K$8,$X42=$O$8,$X42=$T$8),IF(ISBLANK( VLOOKUP($X$5&"-"&TEXT($A42,"mmm-aaaa"),Informes!$A:$P,COLUMN(Informes!J$1),FALSE)), "", VLOOKUP($X$5&"-"&TEXT($A42,"mmm-aaaa"),Informes!$A:$P,COLUMN(Informes!J$1),FALSE)), ""), "") | R42: =IF(W42=0, "", W42) | W42: =IFERROR(VLOOKUP($D28&"-"&TEXT($A42,"mmm-aaaa"),Informes!$A:$P,COLUMN(Informes!K$1),FALSE), "") | X42: =IFERROR(VLOOKUP($X$5&"-"&TEXT($A42,"mmm-aaaa"),Informes!$A:$P,COLUMN(Informes!C$1),FALSE), "")
A43: =EDATE(A42,1) -> 45778 | B43: =PROPER(TEXT(A43, "mmmm")) -> Mayo | F43: =IFERROR(VLOOKUP($X$5&"-"&TEXT($A43,"mmm-aaaa"),Informes!$A:$P,COLUMN(Informes!H$1),FALSE),FALSE) -> FALSE | I43: =IFERROR(IF(ISBLANK( VLOOKUP($D28&"-"&TEXT($A43,"mmm-aaaa"),Informes!$A:$P,COLUMN(Informes!I$1),FALSE)), "", VLOOKUP($D28&"-"&TEXT($A43,"mmm-aaaa"),Informes!$A:$P,COLUMN(Informes!I$1),FALSE)), "") | L43: =IFERROR($X43=$L$10,FALSE) -> FALSE | M43: =IFERROR(IF(OR($X43=$L$10,$X43=$K$8,$X43=$O$8,$X43=$T$8),IF(ISBLANK( VLOOKUP($X$5&"-"&TEXT($A43,"mmm-aaaa"),Informes!$A:$P,COLUMN(Informes!J$1),FALSE)), "", VLOOKUP($X$5&"-"&TEXT($A43,"mmm-aaaa"),Informes!$A:$P,COLUMN(Informes!J$1),FALSE)), ""), "") | R43: =IF(W43=0, "", W43) | W43: =IFERROR(VLOOKUP($D28&"-"&TEXT($A43,"mmm-aaaa"),Informes!$A:$P,COLUMN(Informes!K$1),FALSE), "") | X43: =IFERROR(VLOOKUP($X$5&"-"&TEXT($A43,"mmm-aaaa"),Informes!$A:$P,COLUMN(Informes!C$1),FALSE), "")
A44: =EDATE(A43,1) -> 45809 | B44: =PROPER(TEXT(A44, "mmmm")) -> Junio | F44: =IFERROR(VLOOKUP($X$5&"-"&TEXT($A44,"mmm-aaaa"),Informes!$A:$P,COLUMN(Informes!H$1),FALSE),FALSE) -> FALSE | I44: =IFERROR(IF(ISBLANK( VLOOKUP($D28&"-"&TEXT($A44,"mmm-aaaa"),Informes!$A:$P,COLUMN(Informes!I$1),FALSE)), "", VLOOKUP($D28&"-"&TEXT($A44,"mmm-aaaa"),Informes!$A:$P,COLUMN(Informes!I$1),FALSE)), "") | L44: =IFERROR($X44=$L$10,FALSE) -> FALSE | M44: =IFERROR(IF(OR($X44=$L$10,$X44=$K$8,$X44=$O$8,$X44=$T$8),IF(ISBLANK( VLOOKUP($X$5&"-"&TEXT($A44,"mmm-aaaa"),Informes!$A:$P,COLUMN(Informes!J$1),FALSE)), "", VLOOKUP($X$5&"-"&TEXT($A44,"mmm-aaaa"),Informes!$A:$P,COLUMN(Informes!J$1),FALSE)), ""), "") | R44: =IF(W44=0, "", W44) | W44: =IFERROR(VLOOKUP($D28&"-"&TEXT($A44,"mmm-aaaa"),Informes!$A:$P,COLUMN(Informes!K$1),FALSE), "") | X44: =IFERROR(VLOOKUP($X$5&"-"&TEXT($A44,"mmm-aaaa"),Informes!$A:$P,COLUMN(Informes!C$1),FALSE), "")
A45: =EDATE(A44,1) -> 45839 | B45: =PROPER(TEXT(A45, "mmmm")) -> Julio | F45: =IFERROR(VLOOKUP($X$5&"-"&TEXT($A45,"mmm-aaaa"),Informes!$A:$P,COLUMN(Informes!H$1),FALSE),FALSE) -> FALSE | I45: =IFERROR(IF(ISBLANK( VLOOKUP($D28&"-"&TEXT($A45,"mmm-aaaa"),Informes!$A:$P,COLUMN(Informes!I$1),FALSE)), "", VLOOKUP($D28&"-"&TEXT($A45,"mmm-aaaa"),Informes!$A:$P,COLUMN(Informes!I$1),FALSE)), "") | L45: =IFERROR($X45=$L$10,FALSE) -> FALSE | M45: =IFERROR(IF(OR($X45=$L$10,$X45=$K$8,$X45=$O$8,$X45=$T$8),IF(ISBLANK( VLOOKUP($X$5&"-"&TEXT($A45,"mmm-aaaa"),Informes!$A:$P,COLUMN(Informes!J$1),FALSE)), "", VLOOKUP($X$5&"-"&TEXT($A45,"mmm-aaaa"),Informes!$A:$P,COLUMN(Informes!J$1),FALSE)), ""), "") | R45: =IF(W45=0, "", W45) | W45: =IFERROR(VLOOKUP($D28&"-"&TEXT($A45,"mmm-aaaa"),Informes!$A:$P,COLUMN(Informes!K$1),FALSE), "") | X45: =IFERROR(VLOOKUP($X$5&"-"&TEXT($A45,"mmm-aaaa"),Informes!$A:$P,COLUMN(Informes!C$1),FALSE), "")
A46: =EDATE(A45,1) -> 45870 | B46: =PROPER(TEXT(A46, "mmmm")) -> Agosto | F46: =IFERROR(VLOOKUP($X$5&"-"&TEXT($A46,"mmm-aaaa"),Informes!$A:$P,COLUMN(Informes!H$1),FALSE),FALSE) -> FALSE | I46: =IFERROR(IF(ISBLANK( VLOOKUP($D28&"-"&TEXT($A46,"mmm-aaaa"),Informes!$A:$P,COLUMN(Informes!I$1),FALSE)), "", VLOOKUP($D28&"-"&TEXT($A46,"mmm-aaaa"),Informes!$A:$P,COLUMN(Informes!I$1),FALSE)), "") | L46: =IFERROR($X46=$L$10,FALSE) -> FALSE | M46: =IFERROR(IF(OR($X46=$L$10,$X46=$K$8,$X46=$O$8,$X46=$T$8),IF(ISBLANK( VLOOKUP($X$5&"-"&TEXT($A46,"mmm-aaaa"),Informes!$A:$P,COLUMN(Informes!J$1),FALSE)), "", VLOOKUP($X$5&"-"&TEXT($A46,"mmm-aaaa"),Informes!$A:$P,COLUMN(Informes!J$1),FALSE)), ""), "") | R46: =IF(W46=0, "", W46) | W46: =IFERROR(VLOOKUP($D28&"-"&TEXT($A46,"mmm-aaaa"),Informes!$A:$P,COLUMN(Informes!K$1),FALSE), "") | X46: =IFERROR(VLOOKUP($X$5&"-"&TEXT($A46,"mmm-aaaa"),Informes!$A:$P,COLUMN(Informes!C$1),FALSE), "")
G47: =IF(SUM(F35:F46)=0,"",SUM(F35:F46)) | L47: Total | M47: =IF(SUM(M35:M46)=0,"",SUM(M35:M46))
C49: S-21-S 11/23

Sheet S-21
C1: Publicador: | G1: Zúñiga, Juanita
C2: =MATCH(G1,TblPublicadores[Nombre],0) -> #N/A
A4: =C2 -> #N/A | B4: REGISTRO DE PUBLICADOR DE LA CONGREGACIÓN
B5: Nombre: | D5: =IF(A4=0,0,INDEX(TblPublicadores[Nombre completo],A4)) -> #N/A | X5: =IF(A4=0,0,INDEX(TblPublicadores[Nombre],A4)) -> #N/A
B6: Fecha de nacimiento: | H6: =IF(A4=0,"",INDEX(TblPublicadores[Fecha de nacimiento],A4)) -> #N/A | P6: =IF(INDEX(TblPublicadores[Sexo],A4)=Q6,"þ","¨") -> #N/A | Q6: Hombre | U6: =IF(INDEX(TblPublicadores[Sexo],A4)=V6,"þ","¨") -> #N/A | V6: Mujer
B7: Fecha de bautismo: | G7: =IF(A4=0,"",IF(INDEX(TblPublicadores[Fecha de bautismo],A4)="", "",INDEX(TblPublicadores[Fecha de bautismo],A4))) -> #N/A | P7: þ | Q7: Otras ovejas | U7: ¨ | V7: Ungido
B8: =IF(INDEX(TblPublicadores[Privilegio],A4)=C8,"þ","¨") -> #N/A | C8: Anciano | D8: =IF(INDEX(TblPublicadores[Privilegio],A4)=E8,"þ","¨") -> #N/A | E8: Siervo ministerial | J8: =IF(INDEX(TblPublicadores[Tipo Publicador],A4)=K8,"þ","¨") -> #N/A | K8: Precursor regular | N8: =IF(INDEX(TblPublicadores[Tipo Publicador],A4)=O8,"þ","¨") -> #N/A | O8: Precursor especial | S8: =IF(INDEX(TblPublicadores[Tipo Publicador],A4)=T8,"þ","¨") -> #N/A | T8: Misionero que sirve en el campo
B10: Año de servicio | F10: Participación en el ministerio | I10: Cursos bíblicos | L10: Precursor auxiliar | M10: Horas (Si es precursor o misionero que sirve en el campo) | R10: Notas
B11: 45292
A12: =EDATE(B11,-4) -> 45170 | B12: =PROPER(TEXT(A12, "mmmm")) -> Septiembre | F12: =IFERROR(IF(VLOOKUP($X$5&"-"&TEXT($A12,"mmm-aaaa"),Informes!$A:$P,COLUMN(Informes!H$1),FALSE),"þ","¨"),"¨") -> ¨ | I12: =IFERROR(IF(ISBLANK( VLOOKUP($X5&"-"&TEXT($A12,"mmm-aaaa"),Informes!$A:$P,COLUMN(Informes!I$1),FALSE)), "", VLOOKUP($X5&"-"&TEXT($A12,"mmm-aaaa"),Informes!$A:$P,COLUMN(Informes!I$1),FALSE)), "") | L12: =IFERROR(IF($X12=$L$10,"þ","¨"),"¨") -> ¨ | M12: =IFERROR(IF(OR($X12=$L$10,$X12=$K$8,$X12=$O$8,$X12=$T$8),IF(ISBLANK( VLOOKUP($X$5&"-"&TEXT($A12,"mmm-aaaa"),Informes!$A:$P,COLUMN(Informes!J$1),FALSE)), "", VLOOKUP($X$5&"-"&TEXT($A12,"mmm-aaaa"),Informes!$A:$P,COLUMN(Informes!J$1),FALSE)), ""), "") | R12: =IF(W12=0, IF(Y12&Z12="ActivoInactivo","Se hizo inactivo",IF(Y12&Z12="InactivoActivo","Reactivado", "")), W12) | W12: =IFERROR(VLOOKUP($X5&"-"&TEXT($A12,"mmm-aaaa"),Informes!$A:$P,COLUMN(Informes!K$1),FALSE), "") | X12: =IFERROR(VLOOKUP($X$5&"-"&TEXT($A12,"mmm-aaaa"),Informes!$A:$T,COLUMN(Informes!C$1),FALSE), "") | Y12: =IFERROR(VLOOKUP($X$5&"-"&TEXT($A12,"mmm-aaaa"),Informes!$A:$T,COLUMN(Informes!O$1),FALSE), "") | Z12: =IFERROR(VLOOKUP($X$5&"-"&TEXT($A12,"mmm-aaaa"),Informes!$A:$T,COLUMN(Informes!P$1),FALSE), "")
A13: =EDATE(A12,1) -> 45200 | B13: =PROPER(TEXT(A13, "mmmm")) -> Octubre | F13: =IFERROR(IF(VLOOKUP($X$5&"-"&TEXT($A13,"mmm-aaaa"),Informes!$A:$P,COLUMN(Informes!H$1),FALSE),"þ","¨"),"¨") -> ¨ | I13: =IFERROR(IF(ISBLANK( VLOOKUP($X5&"-"&TEXT($A13,"mmm-aaaa"),Informes!$A:$P,COLUMN(Informes!I$1),FALSE)), "", VLOOKUP($X5&"-"&TEXT($A13,"mmm-aaaa"),Informes!$A:$P,COLUMN(Informes!I$1),FALSE)), "") | L13: =IFERROR(IF($X13=$L$10,"þ","¨"),"¨") -> ¨ | M13: =IFERROR(IF(OR($X13=$L$10,$X13=$K$8,$X13=$O$8,$X13=$T$8),IF(ISBLANK( VLOOKUP($X$5&"-"&TEXT($A13,"mmm-aaaa"),Informes!$A:$P,COLUMN(Informes!J$1),FALSE)), "", VLOOKUP($X$5&"-"&TEXT($A13,"mmm-aaaa"),Informes!$A:$P,COLUMN(Informes!J$1),FALSE)), ""), "") | R13: =IF(W13=0, IF(Y13&Z13="ActivoInactivo","Se hizo inactivo",IF(Y13&Z13="InactivoActivo","Reactivado", "")), W13) | W13: =IFERROR(VLOOKUP($X5&"-"&TEXT($A13,"mmm-aaaa"),Informes!$A:$P,COLUMN(Informes!K$1),FALSE), "") | X13: =IFERROR(VLOOKUP($X$5&"-"&TEXT($A13,"mmm-aaaa"),Informes!$A:$T,COLUMN(Informes!C$1),FALSE), "") | Y13: =IFERROR(VLOOKUP($X$5&"-"&TEXT($A13,"mmm-aaaa"),Informes!$A:$T,COLUMN(Informes!O$1),FALSE), "") | Z13: =IFERROR(VLOOKUP($X$5&"-"&TEXT($A13,"mmm-aaaa"),Informes!$A:$T,COLUMN(Informes!P$1),FALSE), "")
A14: =EDATE(A13,1) -> 45231 | B14: =PROPER(TEXT(A14, "mmmm")) -> Noviembre | F14: =IFERROR(IF(VLOOKUP($X$5&"-"&TEXT($A14,"mmm-aaaa"),Informes!$A:$P,COLUMN(Informes!H$1),FALSE),"þ","¨"),"¨") -> ¨ | I14: =IFERROR(IF(ISBLANK( VLOOKUP($X5&"-"&TEXT($A14,"mmm-aaaa"),Informes!$A:$P,COLUMN(Informes!I$1),FALSE)), "", VLOOKUP($X5&"-"&TEXT($A14,"mmm-aaaa"),Informes!$A:$P,COLUMN(Informes!I$1),FALSE)), "") | L14: =IFERROR(IF($X14=$L$10,"þ","¨"),"¨") -> ¨ | M14: =IFERROR(IF(OR($X14=$L$10,$X14=$K$8,$X14=$O$8,$X14=$T$8),IF(ISBLANK( VLOOKUP($X$5&"-"&TEXT($A14,"mmm-aaaa"),Informes!$A:$P,COLUMN(Informes!J$1),FALSE)), "", VLOOKUP($X$5&"-"&TEXT($A14,"mmm-aaaa"),Informes!$A:$P,COLUMN(Informes!J$1),FALSE)), ""), "") | R14: =IF(W14=0, IF(Y14&Z14="ActivoInactivo","Se hizo inactivo",IF(Y14&Z14="InactivoActivo","Reactivado", "")), W14) | W14: =IFERROR(VLOOKUP($X5&"-"&TEXT($A14,"mmm-aaaa"),Informes!$A:$P,COLUMN(Informes!K$1),FALSE), "") | X14: =IFERROR(VLOOKUP($X$5&"-"&TEXT($A14,"mmm-aaaa"),Informes!$A:$T,COLUMN(Informes!C$1),FALSE), "") | Y14: =IFERROR(VLOOKUP($X$5&"-"&TEXT($A14,"mmm-aaaa"),Informes!$A:$T,COLUMN(Informes!O$1),FALSE), "") | Z14: =IFERROR(VLOOKUP($X$5&"-"&TEXT($A14,"mmm-aaaa"),Informes!$A:$T,COLUMN(Informes!P$1),FALSE), "")
A15: =EDATE(A14,1) -> 45261 | B15: =PROPER(TEXT(A15, "mmmm")) -> Diciembre | F15: =IFERROR(IF(VLOOKUP($X$5&"-"&TEXT($A15,"mmm-aaaa"),Informes!$A:$P,COLUMN(Informes!H$1),FALSE),"þ","¨"),"¨") -> ¨ | I15: =IFERROR(IF(ISBLANK( VLOOKUP($X5&"-"&TEXT($A15,"mmm-aaaa"),Informes!$A:$P,COLUMN(Informes!I$1),FALSE)), "", VLOOKUP($X5&"-"&TEXT($A15,"mmm-aaaa"),Informes!$A:$P,COLUMN(Informes!I$1),FALSE)), "") | L15: =IFERROR(IF($X15=$L$10,"þ","¨"),"¨") -> ¨ | M15: =IFERROR(IF(OR($X15=$L$10,$X15=$K$8,$X15=$O$8,$X15=$T$8),IF(ISBLANK( VLOOKUP($X$5&"-"&TEXT($A15,"mmm-aaaa"),Informes!$A:$P,COLUMN(Informes!J$1),FALSE)), "", VLOOKUP($X$5&"-"&TEXT($A15,"mmm-aaaa"),Informes!$A:$P,COLUMN(Informes!J$1),FALSE)), ""), "") | R15: =IF(W15=0, IF(Y15&Z15="ActivoInactivo","Se hizo inactivo",IF(Y15&Z15="InactivoActivo","Reactivado", "")), W15) | W15: =IFERROR(VLOOKUP($X5&"-"&TEXT($A15,"mmm-aaaa"),Informes!$A:$P,COLUMN(Informes!K$1),FALSE), "") | X15: =IFERROR(VLOOKUP($X$5&"-"&TEXT($A15,"mmm-aaaa"),Informes!$A:$T,COLUMN(Informes!C$1),FALSE), "") | Y15: =IFERROR(VLOOKUP($X$5&"-"&TEXT($A15,"mmm-aaaa"),Informes!$A:$T,COLUMN(Informes!O$1),FALSE), "") | Z15: =IFERROR(VLOOKUP($X$5&"-"&TEXT($A15,"mmm-aaaa"),Informes!$A:$T,COLUMN(Informes!P$1),FALSE), "")
A16: =EDATE(A15,1) -> 45292 | B16: =PROPER(TEXT(A16, "mmmm")) -> Enero | F16: =IFERROR(IF(VLOOKUP($X$5&"-"&TEXT($A16,"mmm-aaaa"),Informes!$A:$P,COLUMN(Informes!H$1),FALSE),"þ","¨"),"¨") -> ¨ | I16: =IFERROR(IF(ISBLANK( VLOOKUP($X5&"-"&TEXT($A16,"mmm-aaaa"),Informes!$A:$P,COLUMN(Informes!I$1),FALSE)), "", VLOOKUP($X5&"-"&TEXT($A16,"mmm-aaaa"),Informes!$A:$P,COLUMN(Informes!I$1),FALSE)), "") | L16: =IFERROR(IF($X16=$L$10,"þ","¨"),"¨") -> ¨ | M16: =IFERROR(IF(OR($X16=$L$10,$X16=$K$8,$X16=$O$8,$X16=$T$8),IF(ISBLANK( VLOOKUP($X$5&"-"&TEXT($A16,"mmm-aaaa"),Informes!$A:$P,COLUMN(Informes!J$1),FALSE)), "", VLOOKUP($X$5&"-"&TEXT($A16,"mmm-aaaa"),Informes!$A:$P,COLUMN(Informes!J$1),FALSE)), ""), "") | R16: =IF(W16=0, IF(Y16&Z16="ActivoInactivo","Se hizo inactivo",IF(Y16&Z16="InactivoActivo","Reactivado", "")), W16) | W16: =IFERROR(VLOOKUP($X5&"-"&TEXT($A16,"mmm-aaaa"),Informes!$A:$P,COLUMN(Informes!K$1),FALSE), "") | X16: =IFERROR(VLOOKUP($X$5&"-"&TEXT($A16,"mmm-aaaa"),Informes!$A:$T,COLUMN(Informes!C$1),FALSE), "") | Y16: =IFERROR(VLOOKUP($X$5&"-"&TEXT($A16,"mmm-aaaa"),Informes!$A:$T,COLUMN(Informes!O$1),FALSE), "") | Z16: =IFERROR(VLOOKUP($X$5&"-"&TEXT($A16,"mmm-aaaa"),Informes!$A:$T,COLUMN(Informes!P$1),FALSE), "")
A17: =EDATE(A16,1) -> 45323 | B17: =PROPER(TEXT(A17, "mmmm")) -> Febrero | F17: =IFERROR(IF(VLOOKUP($X$5&"-"&TEXT($A17,"mmm-aaaa"),Informes!$A:$P,COLUMN(Informes!H$1),FALSE),"þ","¨"),"¨") -> ¨ | I17: =IFERROR(IF(ISBLANK( VLOOKUP($X5&"-"&TEXT($A17,"mmm-aaaa"),Informes!$A:$P,COLUMN(Informes!I$1),FALSE)), "", VLOOKUP($X5&"-"&TEXT($A17,"mmm-aaaa"),Informes!$A:$P,COLUMN(Informes!I$1),FALSE)), "") | L17: =IFERROR(IF($X17=$L$10,"þ","¨"),"¨") -> ¨ | M17: =IFERROR(IF(OR($X17=$L$10,$X17=$K$8,$X17=$O$8,$X17=$T$8),IF(ISBLANK( VLOOKUP($X$5&"-"&TEXT($A17,"mmm-aaaa"),Informes!$A:$P,COLUMN(Informes!J$1),FALSE)), "", VLOOKUP($X$5&"-"&TEXT($A17,"mmm-aaaa"),Informes!$A:$P,COLUMN(Informes!J$1),FALSE)), ""), "") | R17: =IF(W17=0, IF(Y17&Z17="ActivoInactivo","Se hizo inactivo",IF(Y17&Z17="InactivoActivo","Reactivado", "")), W17) | W17: =IFERROR(VLOOKUP($X5&"-"&TEXT($A17,"mmm-aaaa"),Informes!$A:$P,COLUMN(Informes!K$1),FALSE), "") | X17: =IFERROR(VLOOKUP($X$5&"-"&TEXT($A17,"mmm-aaaa"),Informes!$A:$T,COLUMN(Informes!C$1),FALSE), "") | Y17: =IFERROR(VLOOKUP($X$5&"-"&TEXT($A17,"mmm-aaaa"),Informes!$A:$T,COLUMN(Informes!O$1),FALSE), "") | Z17: =IFERROR(VLOOKUP($X$5&"-"&TEXT($A17,"mmm-aaaa"),Informes!$A:$T,COLUMN(Informes!P$1),FALSE), "")
A18: =EDATE(A17,1) -> 45352 | B18: =PROPER(TEXT(A18, "mmmm")) -> Marzo | F18: =IFERROR(IF(VLOOKUP($X$5&"-"&TEXT($A18,"mmm-aaaa"),Informes!$A:$P,COLUMN(Informes!H$1),FALSE),"þ","¨"),"¨") -> ¨ | I18: =IFERROR(IF(ISBLANK( VLOOKUP($X5&"-"&TEXT($A18,"mmm-aaaa"),Informes!$A:$P,COLUMN(Informes!I$1),FALSE)), "", VLOOKUP($X5&"-"&TEXT($A18,"mmm-aaaa"),Informes!$A:$P,COLUMN(Informes!I$1),FALSE)), "") | L18: =IFERROR(IF($X18=$L$10,"þ","¨"),"¨") -> ¨ | M18: =IFERROR(IF(OR($X18=$L$10,$X18=$K$8,$X18=$O$8,$X18=$T$8),IF(ISBLANK( VLOOKUP($X$5&"-"&TEXT($A18,"mmm-aaaa"),Informes!$A:$P,COLUMN(Informes!J$1),FALSE)), "", VLOOKUP($X$5&"-"&TEXT($A18,"mmm-aaaa"),Informes!$A:$P,COLUMN(Informes!J$1),FALSE)), ""), "") | R18: =IF(W18=0, IF(Y18&Z18="ActivoInactivo","Se hizo inactivo",IF(Y18&Z18="InactivoActivo","Reactivado", "")), W18) | W18: =IFERROR(VLOOKUP($X5&"-"&TEXT($A18,"mmm-aaaa"),Informes!$A:$P,COLUMN(Informes!K$1),FALSE), "") | X18: =IFERROR(VLOOKUP($X$5&"-"&TEXT($A18,"mmm-aaaa"),Informes!$A:$T,COLUMN(Informes!C$1),FALSE), "") | Y18: =IFERROR(VLOOKUP($X$5&"-"&TEXT($A18,"mmm-aaaa"),Informes!$A:$T,COLUMN(Informes!O$1),FALSE), "") | Z18: =IFERROR(VLOOKUP($X$5&"-"&TEXT($A18,"mmm-aaaa"),Informes!$A:$T,COLUMN(Informes!P$1),FALSE), "")
A19: =EDATE(A18,1) -> 45383 | B19: =PROPER(TEXT(A19, "mmmm")) -> Abril | F19: =IFERROR(IF(VLOOKUP($X$5&"-"&TEXT($A19,"mmm-aaaa"),Informes!$A:$P,COLUMN(Informes!H$1),FALSE),"þ","¨"),"¨") -> ¨ | I19: =IFERROR(IF(ISBLANK( VLOOKUP($X5&"-"&TEXT($A19,"mmm-aaaa"),Informes!$A:$P,COLUMN(Informes!I$1),FALSE)), "", VLOOKUP($X5&"-"&TEXT($A19,"mmm-aaaa"),Informes!$A:$P,COLUMN(Informes!I$1),FALSE)), "") | L19: =IFERROR(IF($X19=$L$10,"þ","¨"),"¨") -> ¨ | M19: =IFERROR(IF(OR($X19=$L$10,$X19=$K$8,$X19=$O$8,$X19=$T$8),IF(ISBLANK( VLOOKUP($X$5&"-"&TEXT($A19,"mmm-aaaa"),Informes!$A:$P,COLUMN(Informes!J$1),FALSE)), "", VLOOKUP($X$5&"-"&TEXT($A19,"mmm-aaaa"),Informes!$A:$P,COLUMN(Informes!J$1),FALSE)), ""), "") | R19: =IF(W19=0, IF(Y19&Z19="ActivoInactivo","Se hizo inactivo",IF(Y19&Z19="InactivoActivo","Reactivado", "")), W19) | W19: =IFERROR(VLOOKUP($X5&"-"&TEXT($A19,"mmm-aaaa"),Informes!$A:$P,COLUMN(Informes!K$1),FALSE), "") | X19: =IFERROR(VLOOKUP($X$5&"-"&TEXT($A19,"mmm-aaaa"),Informes!$A:$T,COLUMN(Informes!C$1),FALSE), "") | Y19: =IFERROR(VLOOKUP($X$5&"-"&TEXT($A19,"mmm-aaaa"),Informes!$A:$T,COLUMN(Informes!O$1),FALSE), "") | Z19: =IFERROR(VLOOKUP($X$5&"-"&TEXT($A19,"mmm-aaaa"),Informes!$A:$T,COLUMN(Informes!P$1),FALSE), "")
A20: =EDATE(A19,1) -> 45413 | B20: =PROPER(TEXT(A20, "mmmm")) -> Mayo | F20: =IFERROR(IF(VLOOKUP($X$5&"-"&TEXT($A20,"mmm-aaaa"),Informes!$A:$P,COLUMN(Informes!H$1),FALSE),"þ","¨"),"¨") -> ¨ | I20: =IFERROR(IF(ISBLANK( VLOOKUP($X5&"-"&TEXT($A20,"mmm-aaaa"),Informes!$A:$P,COLUMN(Informes!I$1),FALSE)), "", VLOOKUP($X5&"-"&TEXT($A20,"mmm-aaaa"),Informes!$A:$P,COLUMN(Informes!I$1),FALSE)), "") | L20: =IFERROR(IF($X20=$L$10,"þ","¨"),"¨") -> ¨ | M20: =IFERROR(IF(OR($X20=$L$10,$X20=$K$8,$X20=$O$8,$X20=$T$8),IF(ISBLANK( VLOOKUP($X$5&"-"&TEXT($A20,"mmm-aaaa"),Informes!$A:$P,COLUMN(Informes!J$1),FALSE)), "", VLOOKUP($X$5&"-"&TEXT($A20,"mmm-aaaa"),Informes!$A:$P,COLUMN(Informes!J$1),FALSE)), ""), "") | R20: =IF(W20=0, IF(Y20&Z20="ActivoInactivo","Se hizo inactivo",IF(Y20&Z20="InactivoActivo","Reactivado", "")), W20) | W20: =IFERROR(VLOOKUP($X5&"-"&TEXT($A20,"mmm-aaaa"),Informes!$A:$P,COLUMN(Informes!K$1),FALSE), "") | X20: =IFERROR(VLOOKUP($X$5&"-"&TEXT($A20,"mmm-aaaa"),Informes!$A:$T,COLUMN(Informes!C$1),FALSE), "") | Y20: =IFERROR(VLOOKUP($X$5&"-"&TEXT($A20,"mmm-aaaa"),Informes!$A:$T,COLUMN(Informes!O$1),FALSE), "") | Z20: =IFERROR(VLOOKUP($X$5&"-"&TEXT($A20,"mmm-aaaa"),Informes!$A:$T,COLUMN(Informes!P$1),FALSE), "")
A21: =EDATE(A20,1) -> 45444 | B21: =PROPER(TEXT(A21, "mmmm")) -> Junio | F21: =IFERROR(IF(VLOOKUP($X$5&"-"&TEXT($A21,"mmm-aaaa"),Informes!$A:$P,COLUMN(Informes!H$1),FALSE),"þ","¨"),"¨") -> ¨ | I21: =IFERROR(IF(ISBLANK( VLOOKUP($X5&"-"&TEXT($A21,"mmm-aaaa"),Informes!$A:$P,COLUMN(Informes!I$1),FALSE)), "", VLOOKUP($X5&"-"&TEXT($A21,"mmm-aaaa"),Informes!$A:$P,COLUMN(Informes!I$1),FALSE)), "") | L21: =IFERROR(IF($X21=$L$10,"þ","¨"),"¨") -> ¨ | M21: =IFERROR(IF(OR($X21=$L$10,$X21=$K$8,$X21=$O$8,$X21=$T$8),IF(ISBLANK( VLOOKUP($X$5&"-"&TEXT($A21,"mmm-aaaa"),Informes!$A:$P,COLUMN(Informes!J$1),FALSE)), "", VLOOKUP($X$5&"-"&TEXT($A21,"mmm-aaaa"),Informes!$A:$P,COLUMN(Informes!J$1),FALSE)), ""), "") | R21: =IF(W21=0, IF(Y21&Z21="ActivoInactivo","Se hizo inactivo",IF(Y21&Z21="InactivoActivo","Reactivado", "")), W21) | W21: =IFERROR(VLOOKUP($X5&"-"&TEXT($A21,"mmm-aaaa"),Informes!$A:$P,COLUMN(Informes!K$1),FALSE), "") | X21: =IFERROR(VLOOKUP($X$5&"-"&TEXT($A21,"mmm-aaaa"),Informes!$A:$T,COLUMN(Informes!C$1),FALSE), "") | Y21: =IFERROR(VLOOKUP($X$5&"-"&TEXT($A21,"mmm-aaaa"),Informes!$A:$T,COLUMN(Informes!O$1),FALSE), "") | Z21: =IFERROR(VLOOKUP($X$5&"-"&TEXT($A21,"mmm-aaaa"),Informes!$A:$T,COLUMN(Informes!P$1),FALSE), "")
A22: =EDATE(A21,1) -> 45474 | B22: =PROPER(TEXT(A22, "mmmm")) -> Julio | F22: =IFERROR(IF(VLOOKUP($X$5&"-"&TEXT($A22,"mmm-aaaa"),Informes!$A:$P,COLUMN(Informes!H$1),FALSE),"þ","¨"),"¨") -> ¨ | I22: =IFERROR(IF(ISBLANK( VLOOKUP($X5&"-"&TEXT($A22,"mmm-aaaa"),Informes!$A:$P,COLUMN(Informes!I$1),FALSE)), "", VLOOKUP($X5&"-"&TEXT($A22,"mmm-aaaa"),Informes!$A:$P,COLUMN(Informes!I$1),FALSE)), "") | L22: =IFERROR(IF($X22=$L$10,"þ","¨"),"¨") -> ¨ | M22: =IFERROR(IF(OR($X22=$L$10,$X22=$K$8,$X22=$O$8,$X22=$T$8),IF(ISBLANK( VLOOKUP($X$5&"-"&TEXT($A22,"mmm-aaaa"),Informes!$A:$P,COLUMN(Informes!J$1),FALSE)), "", VLOOKUP($X$5&"-"&TEXT($A22,"mmm-aaaa"),Informes!$A:$P,COLUMN(Informes!J$1),FALSE)), ""), "") | R22: =IF(W22=0, IF(Y22&Z22="ActivoInactivo","Se hizo inactivo",IF(Y22&Z22="InactivoActivo","Reactivado", "")), W22) | W22: =IFERROR(VLOOKUP($X5&"-"&TEXT($A22,"mmm-aaaa"),Informes!$A:$P,COLUMN(Informes!K$1),FALSE), "") | X22: =IFERROR(VLOOKUP($X$5&"-"&TEXT($A22,"mmm-aaaa"),Informes!$A:$T,COLUMN(Informes!C$1),FALSE), "") | Y22: =IFERROR(VLOOKUP($X$5&"-"&TEXT($A22,"mmm-aaaa"),Informes!$A:$T,COLUMN(Informes!O$1),FALSE), "") | Z22: =IFERROR(VLOOKUP($X$5&"-"&TEXT($A22,"mmm-aaaa"),Informes!$A:$T,COLUMN(Informes!P$1),FALSE), "")
A23: =EDATE(A22,1) -> 45505 | B23: =PROPER(TEXT(A23, "mmmm")) -> Agosto | F23: =IFERROR(IF(VLOOKUP($X$5&"-"&TEXT($A23,"mmm-aaaa"),Informes!$A:$P,COLUMN(Informes!H$1),FALSE),"þ","¨"),"¨") -> ¨ | I23: =IFERROR(IF(ISBLANK( VLOOKUP($X5&"-"&TEXT($A23,"mmm-aaaa"),Informes!$A:$P,COLUMN(Informes!I$1),FALSE)), "", VLOOKUP($X5&"-"&TEXT($A23,"mmm-aaaa"),Informes!$A:$P,COLUMN(Informes!I$1),FALSE)), "") | L23: =IFERROR(IF($X23=$L$10,"þ","¨"),"¨") -> ¨ | M23: =IFERROR(IF(OR($X23=$L$10,$X23=$K$8,$X23=$O$8,$X23=$T$8),IF(ISBLANK( VLOOKUP($X$5&"-"&TEXT($A23,"mmm-aaaa"),Informes!$A:$P,COLUMN(Informes!J$1),FALSE)), "", VLOOKUP($X$5&"-"&TEXT($A23,"mmm-aaaa"),Informes!$A:$P,COLUMN(Informes!J$1),FALSE)), ""), "") | R23: =IF(W23=0, IF(Y23&Z23="ActivoInactivo","Se hizo inactivo",IF(Y23&Z23="InactivoActivo","Reactivado", "")), W23) | W23: =IFERROR(VLOOKUP($X5&"-"&TEXT($A23,"mmm-aaaa"),Informes!$A:$P,COLUMN(Informes!K$1),FALSE), "") | X23: =IFERROR(VLOOKUP($X$5&"-"&TEXT($A23,"mmm-aaaa"),Informes!$A:$T,COLUMN(Informes!C$1),FALSE), "") | Y23: =IFERROR(VLOOKUP($X$5&"-"&TEXT($A23,"mmm-aaaa"),Informes!$A:$T,COLUMN(Informes!O$1),FALSE), "") | Z23: =IFERROR(VLOOKUP($X$5&"-"&TEXT($A23,"mmm-aaaa"),Informes!$A:$T,COLUMN(Informes!P$1),FALSE), "")
G24: =IF(SUM(F12:F23)=0,"",SUM(F12:F23)) | L24: Total | M24: =IF(SUM(M12:M23)=0,"",SUM(M12:M23))
C26: S-21-S 11/23
B27: REGISTRO DE PUBLICADOR DE LA CONGREGACIÓN
B28: Nombre: | D28: =D5 -> #N/A
B29: Fecha de nacimiento: | H29: =H6 -> #N/A | P29: =P6 -> #N/A | Q29: Hombre | U29: =U6 -> #N/A | V29: Mujer
B30: Fecha de bautismo: | G30: =G7 -> #N/A | P30: þ | Q30: Otras ovejas | U30: ¨ | V30: Ungido
B31: =B8 -> #N/A | C31: Anciano | D31: =D8 -> #N/A | E31: Siervo ministerial | J31: =J8 -> #N/A | K31: Precursor regular | N31: =N8 -> #N/A | O31: Precursor especial | S31: =S8 -> #N/A | T31: Misionero que sirve en el campo
B33: Año de servicio | F33: Participación en el ministerio | I33: Cursos bíblicos | L33: Precursor auxiliar | M33: Horas (Si es precursor o misionero que sirve en el campo) | R33: Notas
B34: =EDATE(B11,12) -> 45658
A35: =EDATE(B34,-4) -> 45536 | B35: =PROPER(TEXT(A35, "mmmm")) -> Septiembre | F35: =IFERROR(IF(VLOOKUP($X$5&"-"&TEXT($A35,"mmm-aaaa"),Informes!$A:$P,COLUMN(Informes!H$1),FALSE),"þ","¨"),"¨") -> ¨ | I35: =IFERROR(IF(ISBLANK( VLOOKUP($X$5&"-"&TEXT($A35,"mmm-aaaa"),Informes!$A:$P,COLUMN(Informes!I$1),FALSE)), "", VLOOKUP($X$5&"-"&TEXT($A35,"mmm-aaaa"),Informes!$A:$P,COLUMN(Informes!I$1),FALSE)), "") | L35: =IFERROR(IF($X35=$L$10,"þ","¨"),"¨") -> ¨ | M35: =IFERROR(IF(OR($X35=$L$10,$X35=$K$8,$X35=$O$8,$X35=$T$8),IF(ISBLANK( VLOOKUP($X$5&"-"&TEXT($A35,"mmm-aaaa"),Informes!$A:$P,COLUMN(Informes!J$1),FALSE)), "", VLOOKUP($X$5&"-"&TEXT($A35,"mmm-aaaa"),Informes!$A:$P,COLUMN(Informes!J$1),FALSE)), ""), "") | R35: =IF(W35=0, IF(Y35&Z35="ActivoInactivo","Se hizo inactivo",IF(Y35&Z35="InactivoActivo","Reactivado", "")), W35) | W35: =IFERROR(VLOOKUP($X$5&"-"&TEXT($A35,"mmm-aaaa"),Informes!$A:$P,COLUMN(Informes!K$1),FALSE), "") | X35: =IFERROR(VLOOKUP($X$5&"-"&TEXT($A35,"mmm-aaaa"),Informes!$A:$T,COLUMN(Informes!C$1),FALSE), "") | Y35: =IFERROR(VLOOKUP($X$5&"-"&TEXT($A35,"mmm-aaaa"),Informes!$A:$T,COLUMN(Informes!O$1),FALSE), "") | Z35: =IFERROR(VLOOKUP($X$5&"-"&TEXT($A35,"mmm-aaaa"),Informes!$A:$T,COLUMN(Informes!P$1),FALSE), "")
A36: =EDATE(A35,1) -> 45566 | B36: =PROPER(TEXT(A36, "mmmm")) -> Octubre | F36: =IFERROR(IF(VLOOKUP($X$5&"-"&TEXT($A36,"mmm-aaaa"),Informes!$A:$P,COLUMN(Informes!H$1),FALSE),"þ","¨"),"¨") -> ¨ | I36: =IFERROR(IF(ISBLANK( VLOOKUP($X$5&"-"&TEXT($A36,"mmm-aaaa"),Informes!$A:$P,COLUMN(Informes!I$1),FALSE)), "", VLOOKUP($X$5&"-"&TEXT($A36,"mmm-aaaa"),Informes!$A:$P,COLUMN(Informes!I$1),FALSE)), "") | L36: =IFERROR(IF($X36=$L$10,"þ","¨"),"¨") -> ¨ | M36: =IFERROR(IF(OR($X36=$L$10,$X36=$K$8,$X36=$O$8,$X36=$T$8),IF(ISBLANK( VLOOKUP($X$5&"-"&TEXT($A36,"mmm-aaaa"),Informes!$A:$P,COLUMN(Informes!J$1),FALSE)), "", VLOOKUP($X$5&"-"&TEXT($A36,"mmm-aaaa"),Informes!$A:$P,COLUMN(Informes!J$1),FALSE)), ""), "") | R36: =IF(W36=0, IF(Y36&Z36="ActivoInactivo","Se hizo inactivo",IF(Y36&Z36="InactivoActivo","Reactivado", "")), W36) | W36: =IFERROR(VLOOKUP($X$5&"-"&TEXT($A36,"mmm-aaaa"),Informes!$A:$P,COLUMN(Informes!K$1),FALSE), "") | X36: =IFERROR(VLOOKUP($X$5&"-"&TEXT($A36,"mmm-aaaa"),Informes!$A:$T,COLUMN(Informes!C$1),FALSE), "") | Y36: =IFERROR(VLOOKUP($X$5&"-"&TEXT($A36,"mmm-aaaa"),Informes!$A:$T,COLUMN(Informes!O$1),FALSE), "") | Z36: =IFERROR(VLOOKUP($X$5&"-"&TEXT($A36,"mmm-aaaa"),Informes!$A:$T,COLUMN(Informes!P$1),FALSE), "")
A37: =EDATE(A36,1) -> 45597 | B37: =PROPER(TEXT(A37, "mmmm")) -> Noviembre | F37: =IFERROR(IF(VLOOKUP($X$5&"-"&TEXT($A37,"mmm-aaaa"),Informes!$A:$P,COLUMN(Informes!H$1),FALSE),"þ","¨"),"¨") -> ¨ | I37: =IFERROR(IF(ISBLANK( VLOOKUP($X$5&"-"&TEXT($A37,"mmm-aaaa"),Informes!$A:$P,COLUMN(Informes!I$1),FALSE)), "", VLOOKUP($X$5&"-"&TEXT($A37,"mmm-aaaa"),Informes!$A:$P,COLUMN(Informes!I$1),FALSE)), "") | L37: =IFERROR(IF($X37=$L$10,"þ","¨"),"¨") -> ¨ | M37: =IFERROR(IF(OR($X37=$L$10,$X37=$K$8,$X37=$O$8,$X37=$T$8),IF(ISBLANK( VLOOKUP($X$5&"-"&TEXT($A37,"mmm-aaaa"),Informes!$A:$P,COLUMN(Informes!J$1),FALSE)), "", VLOOKUP($X$5&"-"&TEXT($A37,"mmm-aaaa"),Informes!$A:$P,COLUMN(Informes!J$1),FALSE)), ""), "") | R37: =IF(W37=0, IF(Y37&Z37="ActivoInactivo","Se hizo inactivo",IF(Y37&Z37="InactivoActivo","Reactivado", "")), W37) | W37: =IFERROR(VLOOKUP($X$5&"-"&TEXT($A37,"mmm-aaaa"),Informes!$A:$P,COLUMN(Informes!K$1),FALSE), "") | X37: =IFERROR(VLOOKUP($X$5&"-"&TEXT($A37,"mmm-aaaa"),Informes!$A:$T,COLUMN(Informes!C$1),FALSE), "") | Y37: =IFERROR(VLOOKUP($X$5&"-"&TEXT($A37,"mmm-aaaa"),Informes!$A:$T,COLUMN(Informes!O$1),FALSE), "") | Z37: =IFERROR(VLOOKUP($X$5&"-"&TEXT($A37,"mmm-aaaa"),Informes!$A:$T,COLUMN(Informes!P$1),FALSE), "")
A38: =EDATE(A37,1) -> 45627 | B38: =PROPER(TEXT(A38, "mmmm")) -> Diciembre | F38: =IFERROR(IF(VLOOKUP($X$5&"-"&TEXT($A38,"mmm-aaaa"),Informes!$A:$P,COLUMN(Informes!H$1),FALSE),"þ","¨"),"¨") -> ¨ | I38: =IFERROR(IF(ISBLANK( VLOOKUP($X$5&"-"&TEXT($A38,"mmm-aaaa"),Informes!$A:$P,COLUMN(Informes!I$1),FALSE)), "", VLOOKUP($X$5&"-"&TEXT($A38,"mmm-aaaa"),Informes!$A:$P,COLUMN(Informes!I$1),FALSE)), "") | L38: =IFERROR(IF($X38=$L$10,"þ","¨"),"¨") -> ¨ | M38: =IFERROR(IF(OR($X38=$L$10,$X38=$K$8,$X38=$O$8,$X38=$T$8),IF(ISBLANK( VLOOKUP($X$5&"-"&TEXT($A38,"mmm-aaaa"),Informes!$A:$P,COLUMN(Informes!J$1),FALSE)), "", VLOOKUP($X$5&"-"&TEXT($A38,"mmm-aaaa"),Informes!$A:$P,COLUMN(Informes!J$1),FALSE)), ""), "") | R38: =IF(W38=0, IF(Y38&Z38="ActivoInactivo","Se hizo inactivo",IF(Y38&Z38="InactivoActivo","Reactivado", "")), W38) | W38: =IFERROR(VLOOKUP($X$5&"-"&TEXT($A38,"mmm-aaaa"),Informes!$A:$P,COLUMN(Informes!K$1),FALSE), "") | X38: =IFERROR(VLOOKUP($X$5&"-"&TEXT($A38,"mmm-aaaa"),Informes!$A:$T,COLUMN(Informes!C$1),FALSE), "") | Y38: =IFERROR(VLOOKUP($X$5&"-"&TEXT($A38,"mmm-aaaa"),Informes!$A:$T,COLUMN(Informes!O$1),FALSE), "") | Z38: =IFERROR(VLOOKUP($X$5&"-"&TEXT($A38,"mmm-aaaa"),Informes!$A:$T,COLUMN(Informes!P$1),FALSE), "")
A39: =EDATE(A38,1) -> 45658 | B39: =PROPER(TEXT(A39, "mmmm")) -> Enero | F39: =IFERROR(IF(VLOOKUP($X$5&"-"&TEXT($A39,"mmm-aaaa"),Informes!$A:$P,COLUMN(Informes!H$1),FALSE),"þ","¨"),"¨") -> ¨ | I39: =IFERROR(IF(ISBLANK( VLOOKUP($X$5&"-"&TEXT($A39,"mmm-aaaa"),Informes!$A:$P,COLUMN(Informes!I$1),FALSE)), "", VLOOKUP($X$5&"-"&TEXT($A39,"mmm-aaaa"),Informes!$A:$P,COLUMN(Informes!I$1),FALSE)), "") | L39: =IFERROR(IF($X39=$L$10,"þ","¨"),"¨") -> ¨ | M39: =IFERROR(IF(OR($X39=$L$10,$X39=$K$8,$X39=$O$8,$X39=$T$8),IF(ISBLANK( VLOOKUP($X$5&"-"&TEXT($A39,"mmm-aaaa"),Informes!$A:$P,COLUMN(Informes!J$1),FALSE)), "", VLOOKUP($X$5&"-"&TEXT($A39,"mmm-aaaa"),Informes!$A:$P,COLUMN(Informes!J$1),FALSE)), ""), "") | R39: =IF(W39=0, IF(Y39&Z39="ActivoInactivo","Se hizo inactivo",IF(Y39&Z39="InactivoActivo","Reactivado", "")), W39) | W39: =IFERROR(VLOOKUP($X$5&"-"&TEXT($A39,"mmm-aaaa"),Informes!$A:$P,COLUMN(Informes!K$1),FALSE), "") | X39: =IFERROR(VLOOKUP($X$5&"-"&TEXT($A39,"mmm-aaaa"),Informes!$A:$T,COLUMN(Informes!C$1),FALSE), "") | Y39: =IFERROR(VLOOKUP($X$5&"-"&TEXT($A39,"mmm-aaaa"),Informes!$A:$T,COLUMN(Informes!O$1),FALSE), "") | Z39: =IFERROR(VLOOKUP($X$5&"-"&TEXT($A39,"mmm-aaaa"),Informes!$A:$T,COLUMN(Informes!P$1),FALSE), "")
A40: =EDATE(A39,1) -> 45689 | B40: =PROPER(TEXT(A40, "mmmm")) -> Febrero | F40: =IFERROR(IF(VLOOKUP($X$5&"-"&TEXT($A40,"mmm-aaaa"),Informes!$A:$P,COLUMN(Informes!H$1),FALSE),"þ","¨"),"¨") -> ¨ | I40: =IFERROR(IF(ISBLANK( VLOOKUP($X$5&"-"&TEXT($A40,"mmm-aaaa"),Informes!$A:$P,COLUMN(Informes!I$1),FALSE)), "", VLOOKUP($X$5&"-"&TEXT($A40,"mmm-aaaa"),Informes!$A:$P,COLUMN(Informes!I$1),FALSE)), "") | L40: =IFERROR(IF($X40=$L$10,"þ","¨"),"¨") -> ¨ | M40: =IFERROR(IF(OR($X40=$L$10,$X40=$K$8,$X40=$O$8,$X40=$T$8),IF(ISBLANK( VLOOKUP($X$5&"-"&TEXT($A40,"mmm-aaaa"),Informes!$A:$P,COLUMN(Informes!J$1),FALSE)), "", VLOOKUP($X$5&"-"&TEXT($A40,"mmm-aaaa"),Informes!$A:$P,COLUMN(Informes!J$1),FALSE)), ""), "") | R40: =IF(W40=0, IF(Y40&Z40="ActivoInactivo","Se hizo inactivo",IF(Y40&Z40="InactivoActivo","Reactivado", "")), W40) | W40: =IFERROR(VLOOKUP($X$5&"-"&TEXT($A40,"mmm-aaaa"),Informes!$A:$P,COLUMN(Informes!K$1),FALSE), "") | X40: =IFERROR(VLOOKUP($X$5&"-"&TEXT($A40,"mmm-aaaa"),Informes!$A:$T,COLUMN(Informes!C$1),FALSE), "") | Y40: =IFERROR(VLOOKUP($X$5&"-"&TEXT($A40,"mmm-aaaa"),Informes!$A:$T,COLUMN(Informes!O$1),FALSE), "") | Z40: =IFERROR(VLOOKUP($X$5&"-"&TEXT($A40,"mmm-aaaa"),Informes!$A:$T,COLUMN(Informes!P$1),FALSE), "")
A41: =EDATE(A40,1) -> 45717 | B41: =PROPER(TEXT(A41, "mmmm")) -> Marzo | F41: =IFERROR(IF(VLOOKUP($X$5&"-"&TEXT($A41,"mmm-aaaa"),Informes!$A:$P,COLUMN(Informes!H$1),FALSE),"þ","¨"),"¨") -> ¨ | I41: =IFERROR(IF(ISBLANK( VLOOKUP($X$5&"-"&TEXT($A41,"mmm-aaaa"),Informes!$A:$P,COLUMN(Informes!I$1),FALSE)), "", VLOOKUP($X$5&"-"&TEXT($A41,"mmm-aaaa"),Informes!$A:$P,COLUMN(Informes!I$1),FALSE)), "") | L41: =IFERROR(IF($X41=$L$10,"þ","¨"),"¨") -> ¨ | M41: =IFERROR(IF(OR($X41=$L$10,$X41=$K$8,$X41=$O$8,$X41=$T$8),IF(ISBLANK( VLOOKUP($X$5&"-"&TEXT($A41,"mmm-aaaa"),Informes!$A:$P,COLUMN(Informes!J$1),FALSE)), "", VLOOKUP($X$5&"-"&TEXT($A41,"mmm-aaaa"),Informes!$A:$P,COLUMN(Informes!J$1),FALSE)), ""), "") | R41: =IF(W41=0, IF(Y41&Z41="ActivoInactivo","Se hizo inactivo",IF(Y41&Z41="InactivoActivo","Reactivado", "")), W41) | W41: =IFERROR(VLOOKUP($X$5&"-"&TEXT($A41,"mmm-aaaa"),Informes!$A:$P,COLUMN(Informes!K$1),FALSE), "") | X41: =IFERROR(VLOOKUP($X$5&"-"&TEXT($A41,"mmm-aaaa"),Informes!$A:$T,COLUMN(Informes!C$1),FALSE), "") | Y41: =IFERROR(VLOOKUP($X$5&"-"&TEXT($A41,"mmm-aaaa"),Informes!$A:$T,COLUMN(Informes!O$1),FALSE), "") | Z41: =IFERROR(VLOOKUP($X$5&"-"&TEXT($A41,"mmm-aaaa"),Informes!$A:$T,COLUMN(Informes!P$1),FALSE), "")
A42: =EDATE(A41,1) -> 45748 | B42: =PROPER(TEXT(A42, "mmmm")) -> Abril | F42: =IFERROR(IF(VLOOKUP($X$5&"-"&TEXT($A42,"mmm-aaaa"),Informes!$A:$P,COLUMN(Informes!H$1),FALSE),"þ","¨"),"¨") -> ¨ | I42: =IFERROR(IF(ISBLANK( VLOOKUP($X$5&"-"&TEXT($A42,"mmm-aaaa"),Informes!$A:$P,COLUMN(Informes!I$1),FALSE)), "", VLOOKUP($X$5&"-"&TEXT($A42,"mmm-aaaa"),Informes!$A:$P,COLUMN(Informes!I$1),FALSE)), "") | L42: =IFERROR(IF($X42=$L$10,"þ","¨"),"¨") -> ¨ | M42: =IFERROR(IF(OR($X42=$L$10,$X42=$K$8,$X42=$O$8,$X42=$T$8),IF(ISBLANK( VLOOKUP($X$5&"-"&TEXT($A42,"mmm-aaaa"),Informes!$A:$P,COLUMN(Informes!J$1),FALSE)), "", VLOOKUP($X$5&"-"&TEXT($A42,"mmm-aaaa"),Informes!$A:$P,COLUMN(Informes!J$1),FALSE)), ""), "") | R42: =IF(W42=0, IF(Y42&Z42="ActivoInactivo","Se hizo inactivo",IF(Y42&Z42="InactivoActivo","Reactivado", "")), W42) | W42: =IFERROR(VLOOKUP($X$5&"-"&TEXT($A42,"mmm-aaaa"),Informes!$A:$P,COLUMN(Informes!K$1),FALSE), "") | X42: =IFERROR(VLOOKUP($X$5&"-"&TEXT($A42,"mmm-aaaa"),Informes!$A:$T,COLUMN(Informes!C$1),FALSE), "") | Y42: =IFERROR(VLOOKUP($X$5&"-"&TEXT($A42,"mmm-aaaa"),Informes!$A:$T,COLUMN(Informes!O$1),FALSE), "") | Z42: =IFERROR(VLOOKUP($X$5&"-"&TEXT($A42,"mmm-aaaa"),Informes!$A:$T,COLUMN(Informes!P$1),FALSE), "")
A43: =EDATE(A42,1) -> 45778 | B43: =PROPER(TEXT(A43, "mmmm")) -> Mayo | F43: =IFERROR(IF(VLOOKUP($X$5&"-"&TEXT($A43,"mmm-aaaa"),Informes!$A:$P,COLUMN(Informes!H$1),FALSE),"þ","¨"),"¨") -> ¨ | I43: =IFERROR(IF(ISBLANK( VLOOKUP($X$5&"-"&TEXT($A43,"mmm-aaaa"),Informes!$A:$P,COLUMN(Informes!I$1),FALSE)), "", VLOOKUP($X$5&"-"&TEXT($A43,"mmm-aaaa"),Informes!$A:$P,COLUMN(Informes!I$1),FALSE)), "") | L43: =IFERROR(IF($X43=$L$10,"þ","¨"),"¨") -> ¨ | M43: =IFERROR(IF(OR($X43=$L$10,$X43=$K$8,$X43=$O$8,$X43=$T$8),IF(ISBLANK( VLOOKUP($X$5&"-"&TEXT($A43,"mmm-aaaa"),Informes!$A:$P,COLUMN(Informes!J$1),FALSE)), "", VLOOKUP($X$5&"-"&TEXT($A43,"mmm-aaaa"),Informes!$A:$P,COLUMN(Informes!J$1),FALSE)), ""), "") | R43: =IF(W43=0, IF(Y43&Z43="ActivoInactivo","Se hizo inactivo",IF(Y43&Z43="InactivoActivo","Reactivado", "")), W43) | W43: =IFERROR(VLOOKUP($X$5&"-"&TEXT($A43,"mmm-aaaa"),Informes!$A:$P,COLUMN(Informes!K$1),FALSE), "") | X43: =IFERROR(VLOOKUP($X$5&"-"&TEXT($A43,"mmm-aaaa"),Informes!$A:$T,COLUMN(Informes!C$1),FALSE), "") | Y43: =IFERROR(VLOOKUP($X$5&"-"&TEXT($A43,"mmm-aaaa"),Informes!$A:$T,COLUMN(Informes!O$1),FALSE), "") | Z43: =IFERROR(VLOOKUP($X$5&"-"&TEXT($A43,"mmm-aaaa"),Informes!$A:$T,COLUMN(Informes!P$1),FALSE), "")
A44: =EDATE(A43,1) -> 45809 | B44: =PROPER(TEXT(A44, "mmmm")) -> Junio | F44: =IFERROR(IF(VLOOKUP($X$5&"-"&TEXT($A44,"mmm-aaaa"),Informes!$A:$P,COLUMN(Informes!H$1),FALSE),"þ","¨"),"¨") -> ¨ | I44: =IFERROR(IF(ISBLANK( VLOOKUP($X$5&"-"&TEXT($A44,"mmm-aaaa"),Informes!$A:$P,COLUMN(Informes!I$1),FALSE)), "", VLOOKUP($X$5&"-"&TEXT($A44,"mmm-aaaa"),Informes!$A:$P,COLUMN(Informes!I$1),FALSE)), "") | L44: =IFERROR(IF($X44=$L$10,"þ","¨"),"¨") -> ¨ | M44: =IFERROR(IF(OR($X44=$L$10,$X44=$K$8,$X44=$O$8,$X44=$T$8),IF(ISBLANK( VLOOKUP($X$5&"-"&TEXT($A44,"mmm-aaaa"),Informes!$A:$P,COLUMN(Informes!J$1),FALSE)), "", VLOOKUP($X$5&"-"&TEXT($A44,"mmm-aaaa"),Informes!$A:$P,COLUMN(Informes!J$1),FALSE)), ""), "") | R44: =IF(W44=0, IF(Y44&Z44="ActivoInactivo","Se hizo inactivo",IF(Y44&Z44="InactivoActivo","Reactivado", "")), W44) | W44: =IFERROR(VLOOKUP($X$5&"-"&TEXT($A44,"mmm-aaaa"),Informes!$A:$P,COLUMN(Informes!K$1),FALSE), "") | X44: =IFERROR(VLOOKUP($X$5&"-"&TEXT($A44,"mmm-aaaa"),Informes!$A:$T,COLUMN(Informes!C$1),FALSE), "") | Y44: =IFERROR(VLOOKUP($X$5&"-"&TEXT($A44,"mmm-aaaa"),Informes!$A:$T,COLUMN(Informes!O$1),FALSE), "") | Z44: =IFERROR(VLOOKUP($X$5&"-"&TEXT($A44,"mmm-aaaa"),Informes!$A:$T,COLUMN(Informes!P$1),FALSE), "")
A45: =EDATE(A44,1) -> 45839 | B45: =PROPER(TEXT(A45, "mmmm")) -> Julio | F45: =IFERROR(IF(VLOOKUP($X$5&"-"&TEXT($A45,"mmm-aaaa"),Informes!$A:$P,COLUMN(Informes!H$1),FALSE),"þ","¨"),"¨") -> ¨ | I45: =IFERROR(IF(ISBLANK( VLOOKUP($X$5&"-"&TEXT($A45,"mmm-aaaa"),Informes!$A:$P,COLUMN(Informes!I$1),FALSE)), "", VLOOKUP($X$5&"-"&TEXT($A45,"mmm-aaaa"),Informes!$A:$P,COLUMN(Informes!I$1),FALSE)), "") | L45: =IFERROR(IF($X45=$L$10,"þ","¨"),"¨") -> ¨ | M45: =IFERROR(IF(OR($X45=$L$10,$X45=$K$8,$X45=$O$8,$X45=$T$8),IF(ISBLANK( VLOOKUP($X$5&"-"&TEXT($A45,"mmm-aaaa"),Informes!$A:$P,COLUMN(Informes!J$1),FALSE)), "", VLOOKUP($X$5&"-"&TEXT($A45,"mmm-aaaa"),Informes!$A:$P,COLUMN(Informes!J$1),FALSE)), ""), "") | R45: =IF(W45=0, IF(Y45&Z45="ActivoInactivo","Se hizo inactivo",IF(Y45&Z45="InactivoActivo","Reactivado", "")), W45) | W45: =IFERROR(VLOOKUP($X$5&"-"&TEXT($A45,"mmm-aaaa"),Informes!$A:$P,COLUMN(Informes!K$1),FALSE), "") | X45: =IFERROR(VLOOKUP($X$5&"-"&TEXT($A45,"mmm-aaaa"),Informes!$A:$T,COLUMN(Informes!C$1),FALSE), "") | Y45: =IFERROR(VLOOKUP($X$5&"-"&TEXT($A45,"mmm-aaaa"),Informes!$A:$T,COLUMN(Informes!O$1),FALSE), "") | Z45: =IFERROR(VLOOKUP($X$5&"-"&TEXT($A45,"mmm-aaaa"),Informes!$A:$T,COLUMN(Informes!P$1),FALSE), "")
A46: =EDATE(A45,1) -> 45870 | B46: =PROPER(TEXT(A46, "mmmm")) -> Agosto | F46: =IFERROR(IF(VLOOKUP($X$5&"-"&TEXT($A46,"mmm-aaaa"),Informes!$A:$P,COLUMN(Informes!H$1),FALSE),"þ","¨"),"¨") -> ¨ | I46: =IFERROR(IF(ISBLANK( VLOOKUP($X$5&"-"&TEXT($A46,"mmm-aaaa"),Informes!$A:$P,COLUMN(Informes!I$1),FALSE)), "", VLOOKUP($X$5&"-"&TEXT($A46,"mmm-aaaa"),Informes!$A:$P,COLUMN(Informes!I$1),FALSE)), "") | L46: =IFERROR(IF($X46=$L$10,"þ","¨"),"¨") -> ¨ | M46: =IFERROR(IF(OR($X46=$L$10,$X46=$K$8,$X46=$O$8,$X46=$T$8),IF(ISBLANK( VLOOKUP($X$5&"-"&TEXT($A46,"mmm-aaaa"),Informes!$A:$P,COLUMN(Informes!J$1),FALSE)), "", VLOOKUP($X$5&"-"&TEXT($A46,"mmm-aaaa"),Informes!$A:$P,COLUMN(Informes!J$1),FALSE)), ""), "") | R46: =IF(W46=0, IF(Y46&Z46="ActivoInactivo","Se hizo inactivo",IF(Y46&Z46="InactivoActivo","Reactivado", "")), W46) | W46: =IFERROR(VLOOKUP($X$5&"-"&TEXT($A46,"mmm-aaaa"),Informes!$A:$P,COLUMN(Informes!K$1),FALSE), "") | X46: =IFERROR(VLOOKUP($X$5&"-"&TEXT($A46,"mmm-aaaa"),Informes!$A:$T,COLUMN(Informes!C$1),FALSE), "") | Y46: =IFERROR(VLOOKUP($X$5&"-"&TEXT($A46,"mmm-aaaa"),Informes!$A:$T,COLUMN(Informes!O$1),FALSE), "") | Z46: =IFERROR(VLOOKUP($X$5&"-"&TEXT($A46,"mmm-aaaa"),Informes!$A:$T,COLUMN(Informes!P$1),FALSE), "")
G47: =IF(SUM(F35:F46)=0,"",SUM(F35:F46)) | L47: Total | M47: =IF(SUM(M35:M46)=0,"",SUM(M35:M46))
C49: S-21-S 11/23

Sheet S-21 (Todos)
A1: 1 | B1: REGISTRO DE PUBLICADOR DE LA CONGREGACIÓN
B2: Nombre: | D2: =IF(A1=0,0,INDEX(TblPublicadores[Nombre completo],A1)) -> 0 | X2: =IF(A1=0,0,INDEX(TblPublicadores[Nombre],A1)) -> 0
B3: Fecha de nacimiento: | H3: =IF(A1=0,"",INDEX(TblPublicadores[Fecha de nacimiento],A1)) -> 0 | P3: =IF(INDEX(TblPublicadores[Sexo],A1)=Q3,"þ","¨") -> ¨ | Q3: Hombre | U3: =IF(INDEX(TblPublicadores[Sexo],A1)=V3,"þ","¨") -> ¨ | V3: Mujer
B4: Fecha de bautismo: | G4: =IF(A1=0,"",IF(INDEX(TblPublicadores[Fecha de bautismo],A1)="", "",INDEX(TblPublicadores[Fecha de bautismo],A1))) | P4: þ | Q4: Otras ovejas | U4: ¨ | V4: Ungido
B5: =IF(INDEX(TblPublicadores[Privilegio],A1)=C5,"þ","¨") -> ¨ | C5: Anciano | D5: =IF(INDEX(TblPublicadores[Privilegio],A1)=E5,"þ","¨") -> ¨ | E5: Siervo ministerial | J5: =IF(INDEX(TblPublicadores[Tipo Publicador],A1)=K5,"þ","¨") -> ¨ | K5: Precursor regular | N5: =IF(INDEX(TblPublicadores[Tipo Publicador],A1)=O5,"þ","¨") -> ¨ | O5: Precursor especial | S5: =IF(INDEX(TblPublicadores[Tipo Publicador],A1)=T5,"þ","¨") -> ¨ | T5: Misionero que sirve en el campo
B7: Año de servicio | F7: Participación en el ministerio | I7: Cursos bíblicos | L7: Precursor auxiliar | M7: Horas (Si es precursor o misionero que sirve en el campo) | R7: Notas
B8: 45292
A9: =EDATE(B8,-4) -> 45170 | B9: =PROPER(TEXT(A9, "mmmm")) -> Septiembre | D9: =PROPER(TEXT(C9, "mmmm")) -> Enero | F9: =IFERROR(IF(VLOOKUP($X2&"-"&TEXT($A9,"mmm-aaaa"),Informes!$A:$P,COLUMN(Informes!H$1),FALSE),"þ","¨"),"¨") -> ¨ | I9: =IFERROR(IF(ISBLANK( VLOOKUP($X2&"-"&TEXT($A9,"mmm-aaaa"),Informes!$A:$P,COLUMN(Informes!I$1),FALSE)), "", VLOOKUP($X2&"-"&TEXT($A9,"mmm-aaaa"),Informes!$A:$P,COLUMN(Informes!I$1),FALSE)), "") | L9: =IFERROR(IF($X9=$L$7,"þ","¨"),"¨") -> ¨ | M9: =IFERROR(IF(OR($X9=$L$7,$X9=$K$5,$X9=$O$5,$X9=$T$5),IF(ISBLANK( VLOOKUP($X2&"-"&TEXT($A9,"mmm-aaaa"),Informes!$A:$P,COLUMN(Informes!J$1),FALSE)), "", VLOOKUP($X2&"-"&TEXT($A9,"mmm-aaaa"),Informes!$A:$P,COLUMN(Informes!J$1),FALSE)), ""), "") | R9: =IF(W9=0, "", W9) | W9: =IFERROR(VLOOKUP($X2&"-"&TEXT($A9,"mmm-aaaa"),Informes!$A:$P,COLUMN(Informes!K$1),FALSE), "") | X9: =IFERROR(VLOOKUP($X2&"-"&TEXT($A9,"mmm-aaaa"),Informes!$A:$P,COLUMN(Informes!C$1),FALSE), "")
A10: =EDATE(A9,1) -> 45200 | B10: =PROPER(TEXT(A10, "mmmm")) -> Octubre | D10: =PROPER(TEXT(C10, "mmmm")) -> Enero | F10: =IFERROR(IF(VLOOKUP($X2&"-"&TEXT($A10,"mmm-aaaa"),Informes!$A:$P,COLUMN(Informes!H$1),FALSE),"þ","¨"),"¨") -> ¨ | I10: =IFERROR(IF(ISBLANK( VLOOKUP($X2&"-"&TEXT($A10,"mmm-aaaa"),Informes!$A:$P,COLUMN(Informes!I$1),FALSE)), "", VLOOKUP($X2&"-"&TEXT($A10,"mmm-aaaa"),Informes!$A:$P,COLUMN(Informes!I$1),FALSE)), "") | L10: =IFERROR(IF($X10=$L$7,"þ","¨"),"¨") -> ¨ | M10: =IFERROR(IF(OR($X10=$L$7,$X10=$K$5,$X10=$O$5,$X10=$T$5),IF(ISBLANK( VLOOKUP($X2&"-"&TEXT($A10,"mmm-aaaa"),Informes!$A:$P,COLUMN(Informes!J$1),FALSE)), "", VLOOKUP($X2&"-"&TEXT($A10,"mmm-aaaa"),Informes!$A:$P,COLUMN(Informes!J$1),FALSE)), ""), "") | R10: =IF(W10=0, "", W10) | W10: =IFERROR(VLOOKUP($X2&"-"&TEXT($A10,"mmm-aaaa"),Informes!$A:$P,COLUMN(Informes!K$1),FALSE), "") | X10: =IFERROR(VLOOKUP($X2&"-"&TEXT($A10,"mmm-aaaa"),Informes!$A:$P,COLUMN(Informes!C$1),FALSE), "")
A11: =EDATE(A10,1) -> 45231 | B11: =PROPER(TEXT(A11, "mmmm")) -> Noviembre | D11: =PROPER(TEXT(C11, "mmmm")) -> Enero | F11: =IFERROR(IF(VLOOKUP($X2&"-"&TEXT($A11,"mmm-aaaa"),Informes!$A:$P,COLUMN(Informes!H$1),FALSE),"þ","¨"),"¨") -> ¨ | I11: =IFERROR(IF(ISBLANK( VLOOKUP($X2&"-"&TEXT($A11,"mmm-aaaa"),Informes!$A:$P,COLUMN(Informes!I$1),FALSE)), "", VLOOKUP($X2&"-"&TEXT($A11,"mmm-aaaa"),Informes!$A:$P,COLUMN(Informes!I$1),FALSE)), "") | L11: =IFERROR(IF($X11=$L$7,"þ","¨"),"¨") -> ¨ | M11: =IFERROR(IF(OR($X11=$L$7,$X11=$K$5,$X11=$O$5,$X11=$T$5),IF(ISBLANK( VLOOKUP($X2&"-"&TEXT($A11,"mmm-aaaa"),Informes!$A:$P,COLUMN(Informes!J$1),FALSE)), "", VLOOKUP($X2&"-"&TEXT($A11,"mmm-aaaa"),Informes!$A:$P,COLUMN(Informes!J$1),FALSE)), ""), "") | R11: =IF(W11=0, "", W11) | W11: =IFERROR(VLOOKUP($X2&"-"&TEXT($A11,"mmm-aaaa"),Informes!$A:$P,COLUMN(Informes!K$1),FALSE), "") | X11: =IFERROR(VLOOKUP($X2&"-"&TEXT($A11,"mmm-aaaa"),Informes!$A:$P,COLUMN(Informes!C$1),FALSE), "")
A12: =EDATE(A11,1) -> 45261 | B12: =PROPER(TEXT(A12, "mmmm")) -> Diciembre | D12: =PROPER(TEXT(C12, "mmmm")) -> Enero | F12: =IFERROR(IF(VLOOKUP($X2&"-"&TEXT($A12,"mmm-aaaa"),Informes!$A:$P,COLUMN(Informes!H$1),FALSE),"þ","¨"),"¨") -> ¨ | I12: =IFERROR(IF(ISBLANK( VLOOKUP($X2&"-"&TEXT($A12,"mmm-aaaa"),Informes!$A:$P,COLUMN(Informes!I$1),FALSE)), "", VLOOKUP($X2&"-"&TEXT($A12,"mmm-aaaa"),Informes!$A:$P,COLUMN(Informes!I$1),FALSE)), "") | L12: =IFERROR(IF($X12=$L$7,"þ","¨"),"¨") -> ¨ | M12: =IFERROR(IF(OR($X12=$L$7,$X12=$K$5,$X12=$O$5,$X12=$T$5),IF(ISBLANK( VLOOKUP($X2&"-"&TEXT($A12,"mmm-aaaa"),Informes!$A:$P,COLUMN(Informes!J$1),FALSE)), "", VLOOKUP($X2&"-"&TEXT($A12,"mmm-aaaa"),Informes!$A:$P,COLUMN(Informes!J$1),FALSE)), ""), "") | R12: =IF(W12=0, "", W12) | W12: =IFERROR(VLOOKUP($X2&"-"&TEXT($A12,"mmm-aaaa"),Informes!$A:$P,COLUMN(Informes!K$1),FALSE), "") | X12: =IFERROR(VLOOKUP($X2&"-"&TEXT($A12,"mmm-aaaa"),Informes!$A:$P,COLUMN(Informes!C$1),FALSE), "")
A13: =EDATE(A12,1) -> 45292 | B13: =PROPER(TEXT(A13, "mmmm")) -> Enero | D13: =PROPER(TEXT(C13, "mmmm")) -> Enero | F13: =IFERROR(IF(VLOOKUP($X2&"-"&TEXT($A13,"mmm-aaaa"),Informes!$A:$P,COLUMN(Informes!H$1),FALSE),"þ","¨"),"¨") -> ¨ | I13: =IFERROR(IF(ISBLANK( VLOOKUP($X2&"-"&TEXT($A13,"mmm-aaaa"),Informes!$A:$P,COLUMN(Informes!I$1),FALSE)), "", VLOOKUP($X2&"-"&TEXT($A13,"mmm-aaaa"),Informes!$A:$P,COLUMN(Informes!I$1),FALSE)), "") | L13: =IFERROR(IF($X13=$L$7,"þ","¨"),"¨") -> ¨ | M13: =IFERROR(IF(OR($X13=$L$7,$X13=$K$5,$X13=$O$5,$X13=$T$5),IF(ISBLANK( VLOOKUP($X2&"-"&TEXT($A13,"mmm-aaaa"),Informes!$A:$P,COLUMN(Informes!J$1),FALSE)), "", VLOOKUP($X2&"-"&TEXT($A13,"mmm-aaaa"),Informes!$A:$P,COLUMN(Informes!J$1),FALSE)), ""), "") | R13: =IF(W13=0, "", W13) | W13: =IFERROR(VLOOKUP($X2&"-"&TEXT($A13,"mmm-aaaa"),Informes!$A:$P,COLUMN(Informes!K$1),FALSE), "") | X13: =IFERROR(VLOOKUP($X2&"-"&TEXT($A13,"mmm-aaaa"),Informes!$A:$P,COLUMN(Informes!C$1),FALSE), "")
A14: =EDATE(A13,1) -> 45323 | B14: =PROPER(TEXT(A14, "mmmm")) -> Febrero | D14: =PROPER(TEXT(C14, "mmmm")) -> Enero | F14: =IFERROR(IF(VLOOKUP($X2&"-"&TEXT($A14,"mmm-aaaa"),Informes!$A:$P,COLUMN(Informes!H$1),FALSE),"þ","¨"),"¨") -> ¨ | I14: =IFERROR(IF(ISBLANK( VLOOKUP($X2&"-"&TEXT($A14,"mmm-aaaa"),Informes!$A:$P,COLUMN(Informes!I$1),FALSE)), "", VLOOKUP($X2&"-"&TEXT($A14,"mmm-aaaa"),Informes!$A:$P,COLUMN(Informes!I$1),FALSE)), "") | L14: =IFERROR(IF($X14=$L$7,"þ","¨"),"¨") -> ¨ | M14: =IFERROR(IF(OR($X14=$L$7,$X14=$K$5,$X14=$O$5,$X14=$T$5),IF(ISBLANK( VLOOKUP($X2&"-"&TEXT($A14,"mmm-aaaa"),Informes!$A:$P,COLUMN(Informes!J$1),FALSE)), "", VLOOKUP($X2&"-"&TEXT($A14,"mmm-aaaa"),Informes!$A:$P,COLUMN(Informes!J$1),FALSE)), ""), "") | R14: =IF(W14=0, "", W14) | W14: =IFERROR(VLOOKUP($X2&"-"&TEXT($A14,"mmm-aaaa"),Informes!$A:$P,COLUMN(Informes!K$1),FALSE), "") | X14: =IFERROR(VLOOKUP($X2&"-"&TEXT($A14,"mmm-aaaa"),Informes!$A:$P,COLUMN(Informes!C$1),FALSE), "")
A15: =EDATE(A14,1) -> 45352 | B15: =PROPER(TEXT(A15, "mmmm")) -> Marzo | D15: =PROPER(TEXT(C15, "mmmm")) -> Enero | F15: =IFERROR(IF(VLOOKUP($X2&"-"&TEXT($A15,"mmm-aaaa"),Informes!$A:$P,COLUMN(Informes!H$1),FALSE),"þ","¨"),"¨") -> ¨ | I15: =IFERROR(IF(ISBLANK( VLOOKUP($X2&"-"&TEXT($A15,"mmm-aaaa"),Informes!$A:$P,COLUMN(Informes!I$1),FALSE)), "", VLOOKUP($X2&"-"&TEXT($A15,"mmm-aaaa"),Informes!$A:$P,COLUMN(Informes!I$1),FALSE)), "") | L15: =IFERROR(IF($X15=$L$7,"þ","¨"),"¨") -> ¨ | M15: =IFERROR(IF(OR($X15=$L$7,$X15=$K$5,$X15=$O$5,$X15=$T$5),IF(ISBLANK( VLOOKUP($X2&"-"&TEXT($A15,"mmm-aaaa"),Informes!$A:$P,COLUMN(Informes!J$1),FALSE)), "", VLOOKUP($X2&"-"&TEXT($A15,"mmm-aaaa"),Informes!$A:$P,COLUMN(Informes!J$1),FALSE)), ""), "") | R15: =IF(W15=0, "", W15) | W15: =IFERROR(VLOOKUP($X2&"-"&TEXT($A15,"mmm-aaaa"),Informes!$A:$P,COLUMN(Informes!K$1),FALSE), "") | X15: =IFERROR(VLOOKUP($X2&"-"&TEXT($A15,"mmm-aaaa"),Informes!$A:$P,COLUMN(Informes!C$1),FALSE), "")
A16: =EDATE(A15,1) -> 45383 | B16: =PROPER(TEXT(A16, "mmmm")) -> Abril | D16: =PROPER(TEXT(C16, "mmmm")) -> Enero | F16: =IFERROR(IF(VLOOKUP($X2&"-"&TEXT($A16,"mmm-aaaa"),Informes!$A:$P,COLUMN(Informes!H$1),FALSE),"þ","¨"),"¨") -> ¨ | I16: =IFERROR(IF(ISBLANK( VLOOKUP($X2&"-"&TEXT($A16,"mmm-aaaa"),Informes!$A:$P,COLUMN(Informes!I$1),FALSE)), "", VLOOKUP($X2&"-"&TEXT($A16,"mmm-aaaa"),Informes!$A:$P,COLUMN(Informes!I$1),FALSE)), "") | L16: =IFERROR(IF($X16=$L$7,"þ","¨"),"¨") -> ¨ | M16: =IFERROR(IF(OR($X16=$L$7,$X16=$K$5,$X16=$O$5,$X16=$T$5),IF(ISBLANK( VLOOKUP($X2&"-"&TEXT($A16,"mmm-aaaa"),Informes!$A:$P,COLUMN(Informes!J$1),FALSE)), "", VLOOKUP($X2&"-"&TEXT($A16,"mmm-aaaa"),Informes!$A:$P,COLUMN(Informes!J$1),FALSE)), ""), "") | R16: =IF(W16=0, "", W16) | W16: =IFERROR(VLOOKUP($X2&"-"&TEXT($A16,"mmm-aaaa"),Informes!$A:$P,COLUMN(Informes!K$1),FALSE), "") | X16: =IFERROR(VLOOKUP($X2&"-"&TEXT($A16,"mmm-aaaa"),Informes!$A:$P,COLUMN(Informes!C$1),FALSE), "")
A17: =EDATE(A16,1) -> 45413 | B17: =PROPER(TEXT(A17, "mmmm")) -> Mayo | D17: =PROPER(TEXT(C17, "mmmm")) -> Enero | F17: =IFERROR(IF(VLOOKUP($X2&"-"&TEXT($A17,"mmm-aaaa"),Informes!$A:$P,COLUMN(Informes!H$1),FALSE),"þ","¨"),"¨") -> ¨ | I17: =IFERROR(IF(ISBLANK( VLOOKUP($X2&"-"&TEXT($A17,"mmm-aaaa"),Informes!$A:$P,COLUMN(Informes!I$1),FALSE)), "", VLOOKUP($X2&"-"&TEXT($A17,"mmm-aaaa"),Informes!$A:$P,COLUMN(Informes!I$1),FALSE)), "") | L17: =IFERROR(IF($X17=$L$7,"þ","¨"),"¨") -> ¨ | M17: =IFERROR(IF(OR($X17=$L$7,$X17=$K$5,$X17=$O$5,$X17=$T$5),IF(ISBLANK( VLOOKUP($X2&"-"&TEXT($A17,"mmm-aaaa"),Informes!$A:$P,COLUMN(Informes!J$1),FALSE)), "", VLOOKUP($X2&"-"&TEXT($A17,"mmm-aaaa"),Informes!$A:$P,COLUMN(Informes!J$1),FALSE)), ""), "") | R17: =IF(W17=0, "", W17) | W17: =IFERROR(VLOOKUP($X2&"-"&TEXT($A17,"mmm-aaaa"),Informes!$A:$P,COLUMN(Informes!K$1),FALSE), "") | X17: =IFERROR(VLOOKUP($X2&"-"&TEXT($A17,"mmm-aaaa"),Informes!$A:$P,COLUMN(Informes!C$1),FALSE), "")
A18: =EDATE(A17,1) -> 45444 | B18: =PROPER(TEXT(A18, "mmmm")) -> Junio | D18: =PROPER(TEXT(C18, "mmmm")) -> Enero | F18: =IFERROR(IF(VLOOKUP($X2&"-"&TEXT($A18,"mmm-aaaa"),Informes!$A:$P,COLUMN(Informes!H$1),FALSE),"þ","¨"),"¨") -> ¨ | I18: =IFERROR(IF(ISBLANK( VLOOKUP($X2&"-"&TEXT($A18,"mmm-aaaa"),Informes!$A:$P,COLUMN(Informes!I$1),FALSE)), "", VLOOKUP($X2&"-"&TEXT($A18,"mmm-aaaa"),Informes!$A:$P,COLUMN(Informes!I$1),FALSE)), "") | L18: =IFERROR(IF($X18=$L$7,"þ","¨"),"¨") -> ¨ | M18: =IFERROR(IF(OR($X18=$L$7,$X18=$K$5,$X18=$O$5,$X18=$T$5),IF(ISBLANK( VLOOKUP($X2&"-"&TEXT($A18,"mmm-aaaa"),Informes!$A:$P,COLUMN(Informes!J$1),FALSE)), "", VLOOKUP($X2&"-"&TEXT($A18,"mmm-aaaa"),Informes!$A:$P,COLUMN(Informes!J$1),FALSE)), ""), "") | R18: =IF(W18=0, "", W18) | W18: =IFERROR(VLOOKUP($X2&"-"&TEXT($A18,"mmm-aaaa"),Informes!$A:$P,COLUMN(Informes!K$1),FALSE), "") | X18: =IFERROR(VLOOKUP($X2&"-"&TEXT($A18,"mmm-aaaa"),Informes!$A:$P,COLUMN(Informes!C$1),FALSE), "")
A19: =EDATE(A18,1) -> 45474 | B19: =PROPER(TEXT(A19, "mmmm")) -> Julio | D19: =PROPER(TEXT(C19, "mmmm")) -> Enero | F19: =IFERROR(IF(VLOOKUP($X2&"-"&TEXT($A19,"mmm-aaaa"),Informes!$A:$P,COLUMN(Informes!H$1),FALSE),"þ","¨"),"¨") -> ¨ | I19: =IFERROR(IF(ISBLANK( VLOOKUP($X2&"-"&TEXT($A19,"mmm-aaaa"),Informes!$A:$P,COLUMN(Informes!I$1),FALSE)), "", VLOOKUP($X2&"-"&TEXT($A19,"mmm-aaaa"),Informes!$A:$P,COLUMN(Informes!I$1),FALSE)), "") | L19: =IFERROR(IF($X19=$L$7,"þ","¨"),"¨") -> ¨ | M19: =IFERROR(IF(OR($X19=$L$7,$X19=$K$5,$X19=$O$5,$X19=$T$5),IF(ISBLANK( VLOOKUP($X2&"-"&TEXT($A19,"mmm-aaaa"),Informes!$A:$P,COLUMN(Informes!J$1),FALSE)), "", VLOOKUP($X2&"-"&TEXT($A19,"mmm-aaaa"),Informes!$A:$P,COLUMN(Informes!J$1),FALSE)), ""), "") | R19: =IF(W19=0, "", W19) | W19: =IFERROR(VLOOKUP($X2&"-"&TEXT($A19,"mmm-aaaa"),Informes!$A:$P,COLUMN(Informes!K$1),FALSE), "") | X19: =IFERROR(VLOOKUP($X2&"-"&TEXT($A19,"mmm-aaaa"),Informes!$A:$P,COLUMN(Informes!C$1),FALSE), "")
A20: =EDATE(A19,1) -> 45505 | B20: =PROPER(TEXT(A20, "mmmm")) -> Agosto | D20: =PROPER(TEXT(C20, "mmmm")) -> Enero | F20: =IFERROR(IF(VLOOKUP($X2&"-"&TEXT($A20,"mmm-aaaa"),Informes!$A:$P,COLUMN(Informes!H$1),FALSE),"þ","¨"),"¨") -> ¨ | I20: =IFERROR(IF(ISBLANK( VLOOKUP($X2&"-"&TEXT($A20,"mmm-aaaa"),Informes!$A:$P,COLUMN(Informes!I$1),FALSE)), "", VLOOKUP($X2&"-"&TEXT($A20,"mmm-aaaa"),Informes!$A:$P,COLUMN(Informes!I$1),FALSE)), "") | L20: =IFERROR(IF($X20=$L$7,"þ","¨"),"¨") -> ¨ | M20: =IFERROR(IF(OR($X20=$L$7,$X20=$K$5,$X20=$O$5,$X20=$T$5),IF(ISBLANK( VLOOKUP($X2&"-"&TEXT($A20,"mmm-aaaa"),Informes!$A:$P,COLUMN(Informes!J$1),FALSE)), "", VLOOKUP($X2&"-"&TEXT($A20,"mmm-aaaa"),Informes!$A:$P,COLUMN(Informes!J$1),FALSE)), ""), "") | R20: =IF(W20=0, "", W20) | W20: =IFERROR(VLOOKUP($X2&"-"&TEXT($A20,"mmm-aaaa"),Informes!$A:$P,COLUMN(Informes!K$1),FALSE), "") | X20: =IFERROR(VLOOKUP($X2&"-"&TEXT($A20,"mmm-aaaa"),Informes!$A:$P,COLUMN(Informes!C$1),FALSE), "")
G21: =IF(SUM(F9:F20)=0,"",SUM(F9:F20)) | L21: Total | M21: =IF(SUM(M9:M20)=0,"",SUM(M9:M20))
C23: S-21-S 11/23
B24: REGISTRO DE PUBLICADOR DE LA CONGREGACIÓN
B25: Nombre: | D25: =D2 -> 0 | X25: =X2 -> 0
B26: Fecha de nacimiento: | H26: =H3 -> 0 | P26: =P3 -> ¨ | Q26: Hombre | U26: =U3 -> ¨ | V26: Mujer
B27: Fecha de bautismo: | G27: =G4 | P27: þ | Q27: Otras ovejas | U27: ¨ | V27: Ungido
B28: =B5 -> ¨ | C28: Anciano | D28: =D5 -> ¨ | E28: Siervo ministerial | J28: =J5 -> ¨ | K28: Precursor regular | N28: =N5 -> ¨ | O28: Precursor especial | S28: =S5 -> ¨ | T28: Misionero que sirve en el campo
B30: Año de servicio | F30: Participación en el ministerio | I30: Cursos bíblicos | L30: Precursor auxiliar | M30: Horas (Si es precursor o misionero que sirve en el campo) | R30: Notas
B31: =EDATE(B8,12) -> 45658
A32: =EDATE(B31,-4) -> 45536 | B32: =PROPER(TEXT(A32, "mmmm")) -> Septiembre | F32: =IFERROR(IF(VLOOKUP($X2&"-"&TEXT($A32,"mmm-aaaa"),Informes!$A:$P,COLUMN(Informes!H$1),FALSE),"þ","¨"),"¨") -> ¨ | I32: =IFERROR(IF(ISBLANK( VLOOKUP($X25&"-"&TEXT($A32,"mmm-aaaa"),Informes!$A:$P,COLUMN(Informes!I$1),FALSE)), "", VLOOKUP($X25&"-"&TEXT($A32,"mmm-aaaa"),Informes!$A:$P,COLUMN(Informes!I$1),FALSE)), "") | L32: =IFERROR(IF($X32=$L$7,"þ","¨"),"¨") -> ¨ | M32: =IFERROR(IF(OR($X32=$L$7,$X32=$K$5,$X32=$O$5,$X32=$T$5),IF(ISBLANK( VLOOKUP($X2&"-"&TEXT($A32,"mmm-aaaa"),Informes!$A:$P,COLUMN(Informes!J$1),FALSE)), "", VLOOKUP($X2&"-"&TEXT($A32,"mmm-aaaa"),Informes!$A:$P,COLUMN(Informes!J$1),FALSE)), ""), "") | R32: =IF(W32=0, "", W32) | W32: =IFERROR(VLOOKUP($X25&"-"&TEXT($A32,"mmm-aaaa"),Informes!$A:$P,COLUMN(Informes!K$1),FALSE), "") | X32: =IFERROR(VLOOKUP($X2&"-"&TEXT($A32,"mmm-aaaa"),Informes!$A:$P,COLUMN(Informes!C$1),FALSE), "")
A33: =EDATE(A32,1) -> 45566 | B33: =PROPER(TEXT(A33, "mmmm")) -> Octubre | F33: =IFERROR(IF(VLOOKUP($X2&"-"&TEXT($A33,"mmm-aaaa"),Informes!$A:$P,COLUMN(Informes!H$1),FALSE),"þ","¨"),"¨") -> ¨ | I33: =IFERROR(IF(ISBLANK( VLOOKUP($X25&"-"&TEXT($A33,"mmm-aaaa"),Informes!$A:$P,COLUMN(Informes!I$1),FALSE)), "", VLOOKUP($X25&"-"&TEXT($A33,"mmm-aaaa"),Informes!$A:$P,COLUMN(Informes!I$1),FALSE)), "") | L33: =IFERROR(IF($X33=$L$7,"þ","¨"),"¨") -> ¨ | M33: =IFERROR(IF(OR($X33=$L$7,$X33=$K$5,$X33=$O$5,$X33=$T$5),IF(ISBLANK( VLOOKUP($X2&"-"&TEXT($A33,"mmm-aaaa"),Informes!$A:$P,COLUMN(Informes!J$1),FALSE)), "", VLOOKUP($X2&"-"&TEXT($A33,"mmm-aaaa"),Informes!$A:$P,COLUMN(Informes!J$1),FALSE)), ""), "") | R33: =IF(W33=0, "", W33) | W33: =IFERROR(VLOOKUP($X25&"-"&TEXT($A33,"mmm-aaaa"),Informes!$A:$P,COLUMN(Informes!K$1),FALSE), "") | X33: =IFERROR(VLOOKUP($X2&"-"&TEXT($A33,"mmm-aaaa"),Informes!$A:$P,COLUMN(Informes!C$1),FALSE), "")
A34: =EDATE(A33,1) -> 45597 | B34: =PROPER(TEXT(A34, "mmmm")) -> Noviembre | F34: =IFERROR(IF(VLOOKUP($X2&"-"&TEXT($A34,"mmm-aaaa"),Informes!$A:$P,COLUMN(Informes!H$1),FALSE),"þ","¨"),"¨") -> ¨ | I34: =IFERROR(IF(ISBLANK( VLOOKUP($X25&"-"&TEXT($A34,"mmm-aaaa"),Informes!$A:$P,COLUMN(Informes!I$1),FALSE)), "", VLOOKUP($X25&"-"&TEXT($A34,"mmm-aaaa"),Informes!$A:$P,COLUMN(Informes!I$1),FALSE)), "") | L34: =IFERROR(IF($X34=$L$7,"þ","¨"),"¨") -> ¨ | M34: =IFERROR(IF(OR($X34=$L$7,$X34=$K$5,$X34=$O$5,$X34=$T$5),IF(ISBLANK( VLOOKUP($X2&"-"&TEXT($A34,"mmm-aaaa"),Informes!$A:$P,COLUMN(Informes!J$1),FALSE)), "", VLOOKUP($X2&"-"&TEXT($A34,"mmm-aaaa"),Informes!$A:$P,COLUMN(Informes!J$1),FALSE)), ""), "") | R34: =IF(W34=0, "", W34) | W34: =IFERROR(VLOOKUP($X25&"-"&TEXT($A34,"mmm-aaaa"),Informes!$A:$P,COLUMN(Informes!K$1),FALSE), "") | X34: =IFERROR(VLOOKUP($X2&"-"&TEXT($A34,"mmm-aaaa"),Informes!$A:$P,COLUMN(Informes!C$1),FALSE), "")
A35: =EDATE(A34,1) -> 45627 | B35: =PROPER(TEXT(A35, "mmmm")) -> Diciembre | F35: =IFERROR(IF(VLOOKUP($X2&"-"&TEXT($A35,"mmm-aaaa"),Informes!$A:$P,COLUMN(Informes!H$1),FALSE),"þ","¨"),"¨") -> ¨ | I35: =IFERROR(IF(ISBLANK( VLOOKUP($X25&"-"&TEXT($A35,"mmm-aaaa"),Informes!$A:$P,COLUMN(Informes!I$1),FALSE)), "", VLOOKUP($X25&"-"&TEXT($A35,"mmm-aaaa"),Informes!$A:$P,COLUMN(Informes!I$1),FALSE)), "") | L35: =IFERROR(IF($X35=$L$7,"þ","¨"),"¨") -> ¨ | M35: =IFERROR(IF(OR($X35=$L$7,$X35=$K$5,$X35=$O$5,$X35=$T$5),IF(ISBLANK( VLOOKUP($X2&"-"&TEXT($A35,"mmm-aaaa"),Informes!$A:$P,COLUMN(Informes!J$1),FALSE)), "", VLOOKUP($X2&"-"&TEXT($A35,"mmm-aaaa"),Informes!$A:$P,COLUMN(Informes!J$1),FALSE)), ""), "") | R35: =IF(W35=0, "", W35) | W35: =IFERROR(VLOOKUP($X25&"-"&TEXT($A35,"mmm-aaaa"),Informes!$A:$P,COLUMN(Informes!K$1),FALSE), "") | X35: =IFERROR(VLOOKUP($X2&"-"&TEXT($A35,"mmm-aaaa"),Informes!$A:$P,COLUMN(Informes!C$1),FALSE), "")
A36: =EDATE(A35,1) -> 45658 | B36: =PROPER(TEXT(A36, "mmmm")) -> Enero | F36: =IFERROR(IF(VLOOKUP($X2&"-"&TEXT($A36,"mmm-aaaa"),Informes!$A:$P,COLUMN(Informes!H$1),FALSE),"þ","¨"),"¨") -> ¨ | I36: =IFERROR(IF(ISBLANK( VLOOKUP($X25&"-"&TEXT($A36,"mmm-aaaa"),Informes!$A:$P,COLUMN(Informes!I$1),FALSE)), "", VLOOKUP($X25&"-"&TEXT($A36,"mmm-aaaa"),Informes!$A:$P,COLUMN(Informes!I$1),FALSE)), "") | L36: =IFERROR(IF($X36=$L$7,"þ","¨"),"¨") -> ¨ | M36: =IFERROR(IF(OR($X36=$L$7,$X36=$K$5,$X36=$O$5,$X36=$T$5),IF(ISBLANK( VLOOKUP($X2&"-"&TEXT($A36,"mmm-aaaa"),Informes!$A:$P,COLUMN(Informes!J$1),FALSE)), "", VLOOKUP($X2&"-"&TEXT($A36,"mmm-aaaa"),Informes!$A:$P,COLUMN(Informes!J$1),FALSE)), ""), "") | R36: =IF(W36=0, "", W36) | W36: =IFERROR(VLOOKUP($X25&"-"&TEXT($A36,"mmm-aaaa"),Informes!$A:$P,COLUMN(Informes!K$1),FALSE), "") | X36: =IFERROR(VLOOKUP($X2&"-"&TEXT($A36,"mmm-aaaa"),Informes!$A:$P,COLUMN(Informes!C$1),FALSE), "")
A37: =EDATE(A36,1) -> 45689 | B37: =PROPER(TEXT(A37, "mmmm")) -> Febrero | F37: =IFERROR(IF(VLOOKUP($X2&"-"&TEXT($A37,"mmm-aaaa"),Informes!$A:$P,COLUMN(Informes!H$1),FALSE),"þ","¨"),"¨") -> ¨ | I37: =IFERROR(IF(ISBLANK( VLOOKUP($X25&"-"&TEXT($A37,"mmm-aaaa"),Informes!$A:$P,COLUMN(Informes!I$1),FALSE)), "", VLOOKUP($X25&"-"&TEXT($A37,"mmm-aaaa"),Informes!$A:$P,COLUMN(Informes!I$1),FALSE)), "") | L37: =IFERROR(IF($X37=$L$7,"þ","¨"),"¨") -> ¨ | M37: =IFERROR(IF(OR($X37=$L$7,$X37=$K$5,$X37=$O$5,$X37=$T$5),IF(ISBLANK( VLOOKUP($X2&"-"&TEXT($A37,"mmm-aaaa"),Informes!$A:$P,COLUMN(Informes!J$1),FALSE)), "", VLOOKUP($X2&"-"&TEXT($A37,"mmm-aaaa"),Informes!$A:$P,COLUMN(Informes!J$1),FALSE)), ""), "") | R37: =IF(W37=0, "", W37) | W37: =IFERROR(VLOOKUP($X25&"-"&TEXT($A37,"mmm-aaaa"),Informes!$A:$P,COLUMN(Informes!K$1),FALSE), "") | X37: =IFERROR(VLOOKUP($X2&"-"&TEXT($A37,"mmm-aaaa"),Informes!$A:$P,COLUMN(Informes!C$1),FALSE), "")
A38: =EDATE(A37,1) -> 45717 | B38: =PROPER(TEXT(A38, "mmmm")) -> Marzo | F38: =IFERROR(IF(VLOOKUP($X2&"-"&TEXT($A38,"mmm-aaaa"),Informes!$A:$P,COLUMN(Informes!H$1),FALSE),"þ","¨"),"¨") -> ¨ | I38: =IFERROR(IF(ISBLANK( VLOOKUP($X25&"-"&TEXT($A38,"mmm-aaaa"),Informes!$A:$P,COLUMN(Informes!I$1),FALSE)), "", VLOOKUP($X25&"-"&TEXT($A38,"mmm-aaaa"),Informes!$A:$P,COLUMN(Informes!I$1),FALSE)), "") | L38: =IFERROR(IF($X38=$L$7,"þ","¨"),"¨") -> ¨ | M38: =IFERROR(IF(OR($X38=$L$7,$X38=$K$5,$X38=$O$5,$X38=$T$5),IF(ISBLANK( VLOOKUP($X2&"-"&TEXT($A38,"mmm-aaaa"),Informes!$A:$P,COLUMN(Informes!J$1),FALSE)), "", VLOOKUP($X2&"-"&TEXT($A38,"mmm-aaaa"),Informes!$A:$P,COLUMN(Informes!J$1),FALSE)), ""), "") | R38: =IF(W38=0, "", W38) | W38: =IFERROR(VLOOKUP($X25&"-"&TEXT($A38,"mmm-aaaa"),Informes!$A:$P,COLUMN(Informes!K$1),FALSE), "") | X38: =IFERROR(VLOOKUP($X2&"-"&TEXT($A38,"mmm-aaaa"),Informes!$A:$P,COLUMN(Informes!C$1),FALSE), "")
A39: =EDATE(A38,1) -> 45748 | B39: =PROPER(TEXT(A39, "mmmm")) -> Abril | F39: =IFERROR(IF(VLOOKUP($X2&"-"&TEXT($A39,"mmm-aaaa"),Informes!$A:$P,COLUMN(Informes!H$1),FALSE),"þ","¨"),"¨") -> ¨ | I39: =IFERROR(IF(ISBLANK( VLOOKUP($X25&"-"&TEXT($A39,"mmm-aaaa"),Informes!$A:$P,COLUMN(Informes!I$1),FALSE)), "", VLOOKUP($X25&"-"&TEXT($A39,"mmm-aaaa"),Informes!$A:$P,COLUMN(Informes!I$1),FALSE)), "") | L39: =IFERROR(IF($X39=$L$7,"þ","¨"),"¨") -> ¨ | M39: =IFERROR(IF(OR($X39=$L$7,$X39=$K$5,$X39=$O$5,$X39=$T$5),IF(ISBLANK( VLOOKUP($X2&"-"&TEXT($A39,"mmm-aaaa"),Informes!$A:$P,COLUMN(Informes!J$1),FALSE)), "", VLOOKUP($X2&"-"&TEXT($A39,"mmm-aaaa"),Informes!$A:$P,COLUMN(Informes!J$1),FALSE)), ""), "") | R39: =IF(W39=0, "", W39) | W39: =IFERROR(VLOOKUP($X25&"-"&TEXT($A39,"mmm-aaaa"),Informes!$A:$P,COLUMN(Informes!K$1),FALSE), "") | X39: =IFERROR(VLOOKUP($X2&"-"&TEXT($A39,"mmm-aaaa"),Informes!$A:$P,COLUMN(Informes!C$1),FALSE), "")
A40: =EDATE(A39,1) -> 45778 | B40: =PROPER(TEXT(A40, "mmmm")) -> Mayo | F40: =IFERROR(IF(VLOOKUP($X2&"-"&TEXT($A40,"mmm-aaaa"),Informes!$A:$P,COLUMN(Informes!H$1),FALSE),"þ","¨"),"¨") -> ¨ | I40: =IFERROR(IF(ISBLANK( VLOOKUP($X25&"-"&TEXT($A40,"mmm-aaaa"),Informes!$A:$P,COLUMN(Informes!I$1),FALSE)), "", VLOOKUP($X25&"-"&TEXT($A40,"mmm-aaaa"),Informes!$A:$P,COLUMN(Informes!I$1),FALSE)), "") | L40: =IFERROR(IF($X40=$L$7,"þ","¨"),"¨") -> ¨ | M40: =IFERROR(IF(OR($X40=$L$7,$X40=$K$5,$X40=$O$5,$X40=$T$5),IF(ISBLANK( VLOOKUP($X2&"-"&TEXT($A40,"mmm-aaaa"),Informes!$A:$P,COLUMN(Informes!J$1),FALSE)), "", VLOOKUP($X2&"-"&TEXT($A40,"mmm-aaaa"),Informes!$A:$P,COLUMN(Informes!J$1),FALSE)), ""), "") | R40: =IF(W40=0, "", W40) | W40: =IFERROR(VLOOKUP($X25&"-"&TEXT($A40,"mmm-aaaa"),Informes!$A:$P,COLUMN(Informes!K$1),FALSE), "") | X40: =IFERROR(VLOOKUP($X2&"-"&TEXT($A40,"mmm-aaaa"),Informes!$A:$P,COLUMN(Informes!C$1),FALSE), "")
A41: =EDATE(A40,1) -> 45809 | B41: =PROPER(TEXT(A41, "mmmm")) -> Junio | F41: =IFERROR(IF(VLOOKUP($X2&"-"&TEXT($A41,"mmm-aaaa"),Informes!$A:$P,COLUMN(Informes!H$1),FALSE),"þ","¨"),"¨") -> ¨ | I41: =IFERROR(IF(ISBLANK( VLOOKUP($X25&"-"&TEXT($A41,"mmm-aaaa"),Informes!$A:$P,COLUMN(Informes!I$1),FALSE)), "", VLOOKUP($X25&"-"&TEXT($A41,"mmm-aaaa"),Informes!$A:$P,COLUMN(Informes!I$1),FALSE)), "") | L41: =IFERROR(IF($X41=$L$7,"þ","¨"),"¨") -> ¨ | M41: =IFERROR(IF(OR($X41=$L$7,$X41=$K$5,$X41=$O$5,$X41=$T$5),IF(ISBLANK( VLOOKUP($X2&"-"&TEXT($A41,"mmm-aaaa"),Informes!$A:$P,COLUMN(Informes!J$1),FALSE)), "", VLOOKUP($X2&"-"&TEXT($A41,"mmm-aaaa"),Informes!$A:$P,COLUMN(Informes!J$1),FALSE)), ""), "") | R41: =IF(W41=0, "", W41) | W41: =IFERROR(VLOOKUP($X25&"-"&TEXT($A41,"mmm-aaaa"),Informes!$A:$P,COLUMN(Informes!K$1),FALSE), "") | X41: =IFERROR(VLOOKUP($X2&"-"&TEXT($A41,"mmm-aaaa"),Informes!$A:$P,COLUMN(Informes!C$1),FALSE), "")
